# Pass B, proposal A — bottom-up clustering of the Pass A predicament phrases.
# One row per DISTINCT phrase. key = the N2 normalisation used to join back to the readings
# (NFKD, diacritics stripped, lowercased, non-alphanumerics to space, a/an/the dropped, word
# order preserved). surface = one film's actual wording, kept so the row is readable.
# Every assignment here was made by reading the phrase. No string similarity, no vectors,
# no stemming, no Jaccard. Phrases absent from this file are "none of these" and are listed
# in pipeline/out/predicates-propA.json under unclustered.
# predicateId	axis	roles	label	key	surface
a-bargain-with-a-price-not-named	exchange	offering,accepting	The terms of the offer are not what they appeared	someone signs away more than they knew	someone signs away more than they knew
a-bargain-with-a-price-not-named	exchange	offering,accepting	The terms of the offer are not what they appeared	captive is traded for another s freedom	a captive is traded for another's freedom
a-bargain-with-a-price-not-named	exchange	offering,accepting	The terms of the offer are not what they appeared	doubter is offered power for his allegiance	a doubter is offered power for his allegiance
a-bargain-with-a-price-not-named	exchange	offering,accepting	The terms of the offer are not what they appeared	freedom is traded for place among people	freedom is traded for a place among people
a-bargain-with-a-price-not-named	exchange	offering,accepting	The terms of the offer are not what they appeared	promise made in terror is kept afterwards	a promise made in terror is kept afterwards
a-bargain-with-a-price-not-named	exchange	offering,accepting	The terms of the offer are not what they appeared	rescue is granted only on cruel terms	a rescue is granted only on cruel terms
a-bargain-with-a-price-not-named	exchange	offering,accepting	The terms of the offer are not what they appeared	someone bargains away all they love	someone bargains away all they love
a-bargain-with-a-price-not-named	exchange	offering,accepting	The terms of the offer are not what they appeared	someone is asked to choose between two loyalties	someone is asked to choose between two loyalties
a-buried-past-is-dug-up	truth	digging,exposed	A past deliberately buried is exhumed and used	hidden past is exposed to destroy someone	a hidden past is exposed to destroy someone
a-buried-past-is-dug-up	truth	digging,exposed	A past deliberately buried is exhumed and used	man digs into past best unknown	a man digs into a past best unknown
a-buried-past-is-dug-up	truth	digging,exposed	A past deliberately buried is exhumed and used	man hides where he comes from	a man hides where he comes from
a-buried-past-is-dug-up	truth	digging,exposed	A past deliberately buried is exhumed and used	someone is despised once their past is known	someone is despised once their past is known
a-child-cannot-be-had	kin	wanting,withheld	A child is wanted and cannot be had	woman cannot have child she wants	a woman cannot have the child she wants
a-child-cannot-be-had	kin	wanting,withheld	A child is wanted and cannot be had	childless couple seeks child to raise	a childless couple seeks a child to raise
a-child-cannot-be-had	kin	wanting,withheld	A child is wanted and cannot be had	someone asks to be given child	someone asks to be given a child
a-child-claimed-by-two-parties	kin	claimant,claimant,child	Two parties each claim the same child	child blames one parent for other	a child blames one parent for the other
a-child-claimed-by-two-parties	kin	claimant,claimant,child	Two parties each claim the same child	two households claim same child	two households claim the same child
a-child-claimed-by-two-parties	kin	claimant,claimant,child	Two parties each claim the same child	child is asked to choose between parents	a child is asked to choose between parents
a-child-claimed-by-two-parties	kin	claimant,claimant,child	Two parties each claim the same child	child is claimed by two rival fathers	a child is claimed by two rival fathers
a-child-claimed-by-two-parties	kin	claimant,claimant,child	Two parties each claim the same child	child is fought over by two parents	a child is fought over by two parents
a-child-claimed-by-two-parties	kin	claimant,claimant,child	Two parties each claim the same child	family retrieves child gone astray	a family retrieves a child gone astray
a-choice-with-no-innocent-option	power	choosing,harmed	Every option available does harm to someone	choice is imposed with no innocent option	a choice is imposed with no innocent option
a-choice-with-no-innocent-option	power	choosing,harmed	Every option available does harm to someone	man must choose between two women	a man must choose between two women
a-choice-with-no-innocent-option	power	choosing,harmed	Every option available does harm to someone	parent chooses between two harms	a parent chooses between two harms
a-confession-extracted-by-force	power	extracting,confessing	An admission is produced by pressure rather than by truth	weak are made to confess by force	the weak are made to confess by force
a-confession-extracted-by-force	power	extracting,confessing	An admission is produced by pressure rather than by truth	consent is extracted by threat of pain	consent is extracted by the threat of pain
a-confession-extracted-by-force	power	extracting,confessing	An admission is produced by pressure rather than by truth	invitation to confess becomes trap	an invitation to confess becomes a trap
a-confession-extracted-by-force	power	extracting,confessing	An admission is produced by pressure rather than by truth	lie is used to extract confession	a lie is used to extract a confession
a-confession-extracted-by-force	power	extracting,confessing	An admission is produced by pressure rather than by truth	person is hurt until they name someone	a person is hurt until they name someone
a-confession-extracted-by-force	power	extracting,confessing	An admission is produced by pressure rather than by truth	person is punished for refusing to recant	a person is punished for refusing to recant
a-contest-of-nerve-turns-fatal	violence	rival,rival	A test of nerve between rivals is carried past the point of return	challenge is accepted out of vanity	a challenge is accepted out of vanity
a-contest-of-nerve-turns-fatal	violence	rival,rival	A test of nerve between rivals is carried past the point of return	contest of nerve between rivals turns fatal	a contest of nerve between rivals turns fatal
a-death-goes-unexplained	death	dead,unexplained	A death is never accounted for and the household lives around it	death in family goes unexplained	a death in the family goes unexplained
a-death-goes-unexplained	death	dead,unexplained	A death is never accounted for and the household lives around it	dead of two sides are mourned unequally	the dead of two sides are mourned unequally
a-death-goes-unexplained	death	dead,unexplained	A death is never accounted for and the household lives around it	death is claimed as another s cause	a death is claimed as another's cause
a-death-goes-unexplained	death	dead,unexplained	A death is never accounted for and the household lives around it	disappearance is treated as departure	a disappearance is treated as a departure
a-death-goes-unexplained	death	dead,unexplained	A death is never accounted for and the household lives around it	mourner is accused of causing death	a mourner is accused of causing the death
a-debt-holds-a-person-in-place	exchange	creditor,debtor	A debt is the thing keeping a person where they are	debt is taken on for friend	a debt is taken on for a friend
a-debt-holds-a-person-in-place	exchange	creditor,debtor	A debt is the thing keeping a person where they are	taking more than can be replaced ruins everyone	taking more than can be replaced ruins everyone
a-debt-holds-a-person-in-place	exchange	creditor,debtor	A debt is the thing keeping a person where they are	child owes parent impossible sum	a child owes a parent an impossible sum
a-debt-holds-a-person-in-place	exchange	creditor,debtor	A debt is the thing keeping a person where they are	debt is owed for accidental harm	a debt is owed for accidental harm
a-debt-holds-a-person-in-place	exchange	creditor,debtor	A debt is the thing keeping a person where they are	debt keeps woman where she is	a debt keeps a woman where she is
a-debt-holds-a-person-in-place	exchange	creditor,debtor	A debt is the thing keeping a person where they are	money is owed between old friends	money is owed between old friends
a-debt-holds-a-person-in-place	exchange	creditor,debtor	A debt is the thing keeping a person where they are	taking more than share costs everything	taking more than the share costs everything
a-debt-owed-to-the-dead	death	owing,dead	Something owed to the dead is claimed or denied	living settle debt to dead	the living settle a debt to the dead
a-debt-owed-to-the-dead	death	owing,dead	Something owed to the dead is claimed or denied	dead are offered back to living	the dead are offered back to the living
a-debt-owed-to-the-dead	death	owing,dead	Something owed to the dead is claimed or denied	duty to dead outweighs living	a duty to the dead outweighs the living
a-debt-owed-to-the-dead	death	owing,dead	Something owed to the dead is claimed or denied	living decide what dead leave behind	the living decide what the dead leave behind
a-debt-owed-to-the-dead	death	owing,dead	Something owed to the dead is claimed or denied	what was owed to dead is denied	what was owed to the dead is denied
a-deception-is-uncovered-by-the-one-deceived	truth	deceiving,deceived	The deceived party finds the deception out	deception is uncovered by one deceived	a deception is uncovered by the one deceived
a-deception-is-uncovered-by-the-one-deceived	truth	deceiving,deceived	The deceived party finds the deception out	betrayer is exposed to one betrayed	a betrayer is exposed to the one betrayed
a-deception-is-uncovered-by-the-one-deceived	truth	deceiving,deceived	The deceived party finds the deception out	lover is shown false proof of betrayal	a lover is shown false proof of betrayal
a-deception-is-uncovered-by-the-one-deceived	truth	deceiving,deceived	The deceived party finds the deception out	hidden contempt is discovered by its object	a hidden contempt is discovered by its object
a-deception-is-uncovered-by-the-one-deceived	truth	deceiving,deceived	The deceived party finds the deception out	someone reveals happiness they showed was false	someone reveals the happiness they showed was false
a-group-turns-on-one-of-its-own	power	group,singled-out	A group closes ranks against one of its members	group closes ranks against one man	a group closes ranks against one man
a-group-turns-on-one-of-its-own	power	group,singled-out	A group closes ranks against one of its members	people turn against those they once welcomed	a people turn against those they once welcomed
a-group-turns-on-one-of-its-own	power	group,singled-out	A group closes ranks against one of its members	weakest is hounded by rest	the weakest is hounded by the rest
a-group-turns-on-one-of-its-own	power	group,singled-out	A group closes ranks against one of its members	crowd turns on someone for being different	a crowd turns on someone for being different
a-group-turns-on-one-of-its-own	power	group,singled-out	A group closes ranks against one of its members	friend becomes thing group fears	a friend becomes the thing the group fears
a-group-turns-on-one-of-its-own	power	group,singled-out	A group closes ranks against one of its members	group leaves one of its own behind	a group leaves one of its own behind
a-group-turns-on-one-of-its-own	power	group,singled-out	A group closes ranks against one of its members	member is cast out for dissenting	a member is cast out for dissenting
a-house-emptied-around-the-one-left	kin	surviving,taken	The household is destroyed around the person who survives it	children watch their protector killed	children watch their protector killed
a-house-emptied-around-the-one-left	kin	surviving,taken	The household is destroyed around the person who survives it	family is emptied around one left	a family is emptied around the one left
a-house-emptied-around-the-one-left	kin	surviving,taken	The household is destroyed around the person who survives it	family is killed to clear way	a family is killed to clear the way
a-house-emptied-around-the-one-left	kin	surviving,taken	The household is destroyed around the person who survives it	household is destroyed by its own child	a household is destroyed by its own child
a-house-emptied-around-the-one-left	kin	surviving,taken	The household is destroyed around the person who survives it	killer hunts last of family	a killer hunts the last of a family
a-house-emptied-around-the-one-left	kin	surviving,taken	The household is destroyed around the person who survives it	man survives killing of his household	a man survives the killing of his household
a-house-emptied-around-the-one-left	kin	surviving,taken	The household is destroyed around the person who survives it	people are killed for what they own	a people are killed for what they own
a-killing-answered-with-a-killing	violence	killing,killed	Each death requires the next	killing is answered with killing	a killing is answered with a killing
a-killing-answered-with-a-killing	violence	killing,killed	Each death requires the next	revenge on guilty destroys avenger	revenge on the guilty destroys the avenger
a-killing-answered-with-a-killing	violence	killing,killed	Each death requires the next	each pays to have other killed	each pays to have the other killed
a-killing-answered-with-a-killing	violence	killing,killed	Each death requires the next	killing is answered with another killing	a killing is answered with another killing
a-killing-answered-with-a-killing	violence	killing,killed	Each death requires the next	rejection is answered with killing	a rejection is answered with a killing
a-lie-told-to-protect-another	truth	lying,protected	A lie is told to keep someone else safe or unblamed	lie is told to protect another	a lie is told to protect another
a-lie-told-to-protect-another	truth	lying,protected	A lie is told to keep someone else safe or unblamed	lie is told to protect someone s name	a lie is told to protect someone's name
a-lie-told-to-protect-another	truth	lying,protected	A lie is told to keep someone else safe or unblamed	someone is made to lie to shield another	someone is made to lie to shield another
a-lie-told-to-protect-another	truth	lying,protected	A lie is told to keep someone else safe or unblamed	bearer of terrible news delays telling it	the bearer of terrible news delays telling it
a-lie-told-to-protect-another	truth	lying,protected	A lie is told to keep someone else safe or unblamed	dying man leaves message saying nothing	a dying man leaves a message saying nothing
a-lie-told-to-protect-another	truth	lying,protected	A lie is told to keep someone else safe or unblamed	family is kept ignorant to spare them	a family is kept ignorant to spare them
a-lie-told-to-protect-another	truth	lying,protected	A lie is told to keep someone else safe or unblamed	good man lies to save wronged	a good man lies to save the wronged
a-lie-told-to-protect-another	truth	lying,protected	A lie is told to keep someone else safe or unblamed	lie is told to keep people alive	a lie is told to keep people alive
a-lie-told-to-protect-another	truth	lying,protected	A lie is told to keep someone else safe or unblamed	story is withheld for fear of consequence	a story is withheld for fear of consequence
a-life-is-bought-back-for-a-price	exchange	ransoming,held	A life or a freedom is settled with a payment	elder refuses to ransom his own kin	an elder refuses to ransom his own kin
a-life-is-bought-back-for-a-price	exchange	ransoming,held	A life or a freedom is settled with a payment	life is bought back for price	a life is bought back for a price
a-life-is-bought-back-for-a-price	exchange	ransoming,held	A life or a freedom is settled with a payment	release must be bought from those holding one	release must be bought from those holding one
a-life-is-bought-back-for-a-price	exchange	ransoming,held	A life or a freedom is settled with a payment	death is settled with payment	a death is settled with a payment
a-life-is-bought-back-for-a-price	exchange	ransoming,held	A life or a freedom is settled with a payment	money taken by trickery is given back	money taken by trickery is given back
a-life-is-bought-back-for-a-price	exchange	ransoming,held	A life or a freedom is settled with a payment	theft is answered with gift	a theft is answered with a gift
a-life-is-re-examined-for-where-it-broke	identity	examining,examined	A life is gone back over to find the point it went wrong	life is reexamined for where it broke	a life is reexamined for where it broke
a-life-is-re-examined-for-where-it-broke	identity	examining,examined	A life is gone back over to find the point it went wrong	someone spends his life undoing one choice	someone spends his life undoing one choice
a-life-is-re-examined-for-where-it-broke	identity	examining,examined	A life is gone back over to find the point it went wrong	someone understands moment only long afterward	someone understands a moment only long afterward
a-living-being-is-owned-and-handed-on	power	owning,owned	A person is property and is passed between owners	living being is owned then handed on	a living being is owned then handed on
a-living-being-is-owned-and-handed-on	power	owning,owned	A person is property and is passed between owners	person is handed between keepers	a person is handed between keepers
a-living-being-is-owned-and-handed-on	power	owning,owned	A person is property and is passed between owners	creature is passed from owner to owner	a creature is passed from owner to owner
a-living-being-is-owned-and-handed-on	power	owning,owned	A person is property and is passed between owners	help given once is claimed back as ownership	help given once is claimed back as ownership
a-living-being-is-owned-and-handed-on	power	owning,owned	A person is property and is passed between owners	one lover consents to be owned by another	one lover consents to be owned by another
a-living-being-is-owned-and-handed-on	power	owning,owned	A person is property and is passed between owners	one owns person one has made	one owns the person one has made
a-living-being-is-owned-and-handed-on	power	owning,owned	A person is property and is passed between owners	person is shown to strangers for profit	a person is shown to strangers for profit
a-message-goes-astray	truth	sending,carrying	Word entrusted to a carrier does not arrive as sent	message is entrusted to passing stranger	a message is entrusted to a passing stranger
a-message-goes-astray	truth	sending,carrying	Word entrusted to a carrier does not arrive as sent	order overrides private understanding	an order overrides a private understanding
a-message-goes-astray	truth	sending,carrying	Word entrusted to a carrier does not arrive as sent	word between two is intercepted by third	word between two is intercepted by a third
a-parent-cannot-love-the-child	kin	parent,child	A parent cannot feel toward the child what the child needs	mother cannot love child she made	a mother cannot love the child she made
a-parent-cannot-love-the-child	kin	parent,child	A parent cannot feel toward the child what the child needs	parent cannot give what he wishes	a parent cannot give what he wishes
a-parent-cannot-love-the-child	kin	parent,child	A parent cannot feel toward the child what the child needs	parent demands declaration of love	a parent demands a declaration of love
a-parent-cannot-love-the-child	kin	parent,child	A parent cannot feel toward the child what the child needs	parent offers friendship in place of parenthood	a parent offers friendship in place of parenthood
a-parent-cannot-love-the-child	kin	parent,child	A parent cannot feel toward the child what the child needs	parent refuses child he never met	a parent refuses the child he never met
a-parent-cannot-love-the-child	kin	parent,child	A parent cannot feel toward the child what the child needs	parents cannot go through with abandoning child	parents cannot go through with abandoning a child
a-parent-moves-against-the-child	kin	parent,child	A parent sets out to break or destroy their own child	father moves to destroy his own child	a father moves to destroy his own child
a-parent-moves-against-the-child	kin	parent,child	A parent sets out to break or destroy their own child	belief kills child it meant to save	belief kills the child it meant to save
a-parent-moves-against-the-child	kin	parent,child	A parent sets out to break or destroy their own child	child is judged unworthy by his family	a child is judged unworthy by his family
a-parent-moves-against-the-child	kin	parent,child	A parent sets out to break or destroy their own child	father cannot accept his son s ordinariness	a father cannot accept his son's ordinariness
a-parent-moves-against-the-child	kin	parent,child	A parent sets out to break or destroy their own child	father drags his sons into his obsession	a father drags his sons into his obsession
a-parent-moves-against-the-child	kin	parent,child	A parent sets out to break or destroy their own child	father refuses to believe his own child	a father refuses to believe his own child
a-parent-moves-against-the-child	kin	parent,child	A parent sets out to break or destroy their own child	father tries to break his child s attachment	a father tries to break his child's attachment
a-parent-moves-against-the-child	kin	parent,child	A parent sets out to break or destroy their own child	parent asks child to end himself	a parent asks a child to end himself
a-parent-moves-against-the-child	kin	parent,child	A parent sets out to break or destroy their own child	parent blames child for death	a parent blames the child for a death
a-parent-moves-against-the-child	kin	parent,child	A parent sets out to break or destroy their own child	parent refuses to stand for his child	a parent refuses to stand for his child
a-parent-must-judge-their-own-child	kin	judging,judged	A parent has to pass judgement on their own child	one must pass judgment on one s own child	one must pass judgment on one's own child
a-parent-must-judge-their-own-child	kin	judging,judged	A parent has to pass judgement on their own child	father must let his son risk death	a father must let his son risk death
a-parent-must-judge-their-own-child	kin	judging,judged	A parent has to pass judgement on their own child	one parent judges another s way of raising	one parent judges another's way of raising
a-person-given-up-for-dead-returns	identity	returning,mourning	Someone counted dead comes back	beloved returns emptied of all memory	a beloved returns emptied of all memory
a-person-given-up-for-dead-returns	identity	returning,mourning	Someone counted dead comes back	man reported dead comes back alive	a man reported dead comes back alive
a-person-given-up-for-dead-returns	identity	returning,mourning	Someone counted dead comes back	person given up for dead returns alive	a person given up for dead returns alive
a-person-is-remade-into-what-others-need	identity	remaking,remade	A person is rebuilt to fit someone else's requirement	person is remade into what others need	a person is remade into what others need
a-person-is-remade-into-what-others-need	identity	remaking,remade	A person is rebuilt to fit someone else's requirement	man is made useful by his captors	a man is made useful by his captors
a-person-is-remade-into-what-others-need	identity	remaking,remade	A person is rebuilt to fit someone else's requirement	person becomes proof of another s belief	a person becomes the proof of another's belief
a-person-is-remade-into-what-others-need	identity	remaking,remade	A person is rebuilt to fit someone else's requirement	someone is made to forget their own life	someone is made to forget their own life
a-person-is-taken-away-without-explanation	violence	taken,left	Someone is taken and no account of it is ever given	loved one is taken away by strangers	a loved one is taken away by strangers
a-person-is-taken-away-without-explanation	violence	taken,left	Someone is taken and no account of it is ever given	someone is taken away leaving no trace	someone is taken away leaving no trace
a-person-walks-knowingly-toward-death	death	walking,watching	Someone goes on toward a death they can see coming	man arranges his own death deliberately	a man arranges his own death deliberately
a-person-walks-knowingly-toward-death	death	walking,watching	Someone goes on toward a death they can see coming	person walks knowingly toward their own death	a person walks knowingly toward their own death
a-person-walks-knowingly-toward-death	death	walking,watching	Someone goes on toward a death they can see coming	coward chooses death over one more insult	a coward chooses death over one more insult
a-person-walks-knowingly-toward-death	death	walking,watching	Someone goes on toward a death they can see coming	group ends its shared life on purpose	a group ends its shared life on purpose
a-person-walks-knowingly-toward-death	death	walking,watching	Someone goes on toward a death they can see coming	man walks into death he foresaw	a man walks into the death he foresaw
a-person-walks-knowingly-toward-death	death	walking,watching	Someone goes on toward a death they can see coming	men choose death over living with defeat	men choose death over living with defeat
a-person-walks-knowingly-toward-death	death	walking,watching	Someone goes on toward a death they can see coming	one dies rather than take back word	one dies rather than take back a word
a-person-walks-knowingly-toward-death	death	walking,watching	Someone goes on toward a death they can see coming	someone stakes their life on private test	someone stakes their life on a private test
a-prophecy-brings-itself-about	truth	foretelling,foretold	Being told the future is what makes it happen	being told future makes it come true	being told the future makes it come true
a-prophecy-brings-itself-about	truth	foretelling,foretold	Being told the future is what makes it happen	doomed man alone is not told	the doomed man alone is not told
a-prophecy-brings-itself-about	truth	foretelling,foretold	Being told the future is what makes it happen	foretold death is then brought about	a foretold death is then brought about
a-prophecy-brings-itself-about	truth	foretelling,foretold	Being told the future is what makes it happen	life is arranged around prophecy	a life is arranged around a prophecy
a-prophecy-brings-itself-about	truth	foretelling,foretold	Being told the future is what makes it happen	people are governed by predictions someone invents	people are governed by predictions someone invents
a-prophecy-brings-itself-about	truth	foretelling,foretold	Being told the future is what makes it happen	someone foresees harm they cannot prevent	someone foresees harm they cannot prevent
a-prophecy-brings-itself-about	truth	foretelling,foretold	Being told the future is what makes it happen	someone is instructed by voice never seen	someone is instructed by a voice never seen
a-secret-kept-from-the-one-loved	truth	concealing,concealed-from	The thing concealed is concealed from the person nearest	partner conceals what would end bond	a partner conceals what would end the bond
a-secret-kept-from-the-one-loved	truth	concealing,concealed-from	The thing concealed is concealed from the person nearest	secret is kept from one loved	a secret is kept from the one loved
a-secret-kept-from-the-one-loved	truth	concealing,concealed-from	The thing concealed is concealed from the person nearest	each partner hides same secret	each partner hides the same secret
a-secret-kept-from-the-one-loved	truth	concealing,concealed-from	The thing concealed is concealed from the person nearest	lover hides what he really is	a lover hides what he really is
a-secret-kept-from-the-one-loved	truth	concealing,concealed-from	The thing concealed is concealed from the person nearest	man conceals his work from beloved	a man conceals his work from the beloved
a-sudden-fortune-unsettles-an-ordinary-life	exchange	enriched,circling	Money arrives and undoes the people it reaches	sudden fortune unsettles ordinary life	a sudden fortune unsettles an ordinary life
a-sudden-fortune-unsettles-an-ordinary-life	exchange	enriched,circling	Money arrives and undoes the people it reaches	fortune draws people to failing mind	a fortune draws people to a failing mind
a-sudden-fortune-unsettles-an-ordinary-life	exchange	enriched,circling	Money arrives and undoes the people it reaches	windfall cannot be spent without exposure	a windfall cannot be spent without exposure
a-woman-is-shamed-for-her-own-violation	power	violated,shaming	The violated party is the one held to account	woman is forced by familiar man	a woman is forced by a familiar man
a-woman-is-shamed-for-her-own-violation	power	violated,shaming	The violated party is the one held to account	woman is shamed for her own violation	a woman is shamed for her own violation
a-woman-is-shamed-for-her-own-violation	power	violated,shaming	The violated party is the one held to account	father preys on his own daughter	a father preys on his own daughter
a-woman-is-shamed-for-her-own-violation	power	violated,shaming	The violated party is the one held to account	trusted adult forces himself on child	a trusted adult forces himself on a child
a-woman-is-shamed-for-her-own-violation	power	violated,shaming	The violated party is the one held to account	two lovers pay unequally for same act	two lovers pay unequally for the same act
a-woman-is-shamed-for-her-own-violation	power	violated,shaming	The violated party is the one held to account	woman is seduced for what she guards	a woman is seduced for what she guards
a-womans-life-is-decided-by-others	power	deciding,decided	A woman's course is settled by people who do not consult her	woman is claimed then cast aside	a woman is claimed then cast aside
a-womans-life-is-decided-by-others	power	deciding,decided	A woman's course is settled by people who do not consult her	community polices what woman does privately	a community polices what a woman does privately
a-womans-life-is-decided-by-others	power	deciding,decided	A woman's course is settled by people who do not consult her	same words count only from man	the same words count only from a man
a-womans-life-is-decided-by-others	power	deciding,decided	A woman's course is settled by people who do not consult her	woman is looked at rather than heard	a woman is looked at rather than heard
a-womans-life-is-decided-by-others	power	deciding,decided	A woman's course is settled by people who do not consult her	woman is loved only as another woman	a woman is loved only as another woman
a-womans-life-is-decided-by-others	power	deciding,decided	A woman's course is settled by people who do not consult her	women return home after men fail them	women return home after the men fail them
a-womans-life-is-decided-by-others	power	deciding,decided	A woman's course is settled by people who do not consult her	young woman refuses to be governed	a young woman refuses to be governed
accomplices-turn-on-each-other	bond	accomplice,accomplice	Accomplices turn on each other once the thing is done	accomplice balks at what plan requires	an accomplice balks at what the plan requires
accomplices-turn-on-each-other	bond	accomplice,accomplice	Accomplices turn on each other once the thing is done	companion refuses to share remorse	a companion refuses to share the remorse
accomplices-turn-on-each-other	bond	accomplice,accomplice	Accomplices turn on each other once the thing is done	partner turns on partner in crime	a partner turns on the partner in crime
accomplices-turn-on-each-other	bond	accomplice,accomplice	Accomplices turn on each other once the thing is done	partners turn on each other after deed	partners turn on each other after the deed
accomplices-turn-on-each-other	bond	accomplice,accomplice	Accomplices turn on each other once the thing is done	two friends turn on each other afterward	two friends turn on each other afterward
accomplices-turn-on-each-other	bond	accomplice,accomplice	Accomplices turn on each other once the thing is done	two partners each expect other to betray	two partners each expect the other to betray
an-injury-is-repaid-in-kind-years-later	violence	repaying,repaid	An old humiliation is answered exactly, long afterwards	help is repaid with violence	help is repaid with violence
an-injury-is-repaid-in-kind-years-later	violence	repaying,repaid	An old humiliation is answered exactly, long afterwards	injury to friend is avenged	an injury to a friend is avenged
an-injury-is-repaid-in-kind-years-later	violence	repaying,repaid	An old humiliation is answered exactly, long afterwards	slight is repaid years later	a slight is repaid years later
an-injury-is-repaid-in-kind-years-later	violence	repaying,repaid	An old humiliation is answered exactly, long afterwards	act of mercy is answered with attack	an act of mercy is answered with attack
an-injury-is-repaid-in-kind-years-later	violence	repaying,repaid	An old humiliation is answered exactly, long afterwards	each side answers other s cruelty with worse	each side answers the other's cruelty with worse
an-injury-is-repaid-in-kind-years-later	violence	repaying,repaid	An old humiliation is answered exactly, long afterwards	humiliation is repaid with humiliation	humiliation is repaid with humiliation
an-injury-is-repaid-in-kind-years-later	violence	repaying,repaid	An old humiliation is answered exactly, long afterwards	old wrong keeps helper away	an old wrong keeps the helper away
an-open-secret-nobody-acts-on	truth	knowing,unmoved	Everyone knows and nobody moves	discontented talk instead of acting	the discontented talk instead of acting
an-open-secret-nobody-acts-on	truth	knowing,unmoved	Everyone knows and nobody moves	no one acts on crime everyone knows	no one acts on a crime everyone knows
an-open-secret-nobody-acts-on	truth	knowing,unmoved	Everyone knows and nobody moves	person sees everything then says nothing	a person sees everything then says nothing
an-open-secret-nobody-acts-on	truth	knowing,unmoved	Everyone knows and nobody moves	no one asks why request was made	no one asks why the request was made
an-open-secret-nobody-acts-on	truth	knowing,unmoved	Everyone knows and nobody moves	one person lets another s lie stand unchallenged	one person lets another's lie stand unchallenged
an-open-secret-nobody-acts-on	truth	knowing,unmoved	Everyone knows and nobody moves	onlookers plead fear to excuse doing nothing	onlookers plead fear to excuse doing nothing
an-open-secret-nobody-acts-on	truth	knowing,unmoved	Everyone knows and nobody moves	those who demanded courage will not appear	those who demanded courage will not appear
another-hand-runs-your-life	power	steering,steered	Someone else has been making the decisions of a person's life	others decide what work person should do	others decide what work a person should do
another-hand-runs-your-life	power	steering,steered	Someone else has been making the decisions of a person's life	child s future hangs on strangers judgement	a child's future hangs on strangers' judgement
another-hand-runs-your-life	power	steering,steered	Someone else has been making the decisions of a person's life	everyone tells young man what to want	everyone tells a young man what to want
another-hand-runs-your-life	power	steering,steered	Someone else has been making the decisions of a person's life	one person takes charge of another s whole life	one person takes charge of another's whole life
another-hand-runs-your-life	power	steering,steered	Someone else has been making the decisions of a person's life	one person tells another their life is imagined	one person tells another their life is imagined
another-hand-runs-your-life	power	steering,steered	Someone else has been making the decisions of a person's life	partner s suggestion redirects other s whole life	a partner's suggestion redirects the other's whole life
another-hand-runs-your-life	power	steering,steered	Someone else has been making the decisions of a person's life	people hand over steering of their lives	people hand over the steering of their lives
another-hand-runs-your-life	power	steering,steered	Someone else has been making the decisions of a person's life	someone discovers they were selected long before meeting	someone discovers they were selected long before meeting
another-hand-runs-your-life	power	steering,steered	Someone else has been making the decisions of a person's life	someone learns their life was arranged without them	someone learns their life was arranged without them
another-takes-the-credit	exchange	making,credited	The work is one person's and the name on it is another's	anonymous gift is credited to another man	an anonymous gift is credited to another man
another-takes-the-credit	exchange	making,credited	The work is one person's and the name on it is another's	another takes credit for one s work	another takes credit for one's work
another-takes-the-credit	exchange	making,credited	The work is one person's and the name on it is another's	man is honoured for what another did	a man is honoured for what another did
another-takes-the-credit	exchange	making,credited	The work is one person's and the name on it is another's	work is remembered under another name	the work is remembered under another name
answerable-for-what-was-done-below	power	commanding,acting	A commander is held to account for what his men did	cruelty is blamed on unseen hand	cruelty is blamed on an unseen hand
answerable-for-what-was-done-below	power	commanding,acting	A commander is held to account for what his men did	leader cannot stop his own men s cruelty	a leader cannot stop his own men's cruelty
answerable-for-what-was-done-below	power	commanding,acting	A commander is held to account for what his men did	leader ends fight to save lives	a leader ends the fight to save lives
answerable-for-what-was-done-below	power	commanding,acting	A commander is held to account for what his men did	leader is answerable for his men s crimes	a leader is answerable for his men's crimes
answerable-for-what-was-done-below	power	commanding,acting	A commander is held to account for what his men did	someone insists they only did their part	someone insists they only did their part
authority-answers-complaint-with-force	power	demanding,answering	A request from below is met as insubordination	armed advance on unarmed in ranks	the armed advance on the unarmed in ranks
authority-answers-complaint-with-force	power	demanding,answering	A request from below is met as insubordination	complaint is answered as disobedience	complaint is answered as disobedience
authority-answers-complaint-with-force	power	demanding,answering	A request from below is met as insubordination	demand from below is answered with force	a demand from below is answered with force
authority-answers-complaint-with-force	power	demanding,answering	A request from below is met as insubordination	promise of escape is offered then withdrawn	a promise of escape is offered then withdrawn
beloved-already-bound	bond	desiring,desired,holder	The one desired is already promised or belongs to another	lover is found to belong to another	a lover is found to belong to another
beloved-already-bound	bond	desiring,desired,holder	The one desired is already promised or belongs to another	beloved is already promised to another	the beloved is already promised to another
beloved-already-bound	bond	desiring,desired,holder	The one desired is already promised or belongs to another	man courts woman promised to another	a man courts a woman promised to another
beloved-already-bound	bond	desiring,desired,holder	The one desired is already promised or belongs to another	man loves woman married to another	a man loves a woman married to another
beloved-already-bound	bond	desiring,desired,holder	The one desired is already promised or belongs to another	one loves person already given to another	one loves a person already given to another
beloved-already-bound	bond	desiring,desired,holder	The one desired is already promised or belongs to another	woman loves man her husband envied	a woman loves the man her husband envied
betrayed-by-the-closest	truth	trusting,betraying	The betrayal comes from the person nearest, who was serving someone else	false double replaces trusted person	a false double replaces a trusted person
betrayed-by-the-closest	truth	trusting,betraying	The betrayal comes from the person nearest, who was serving someone else	friend denounces friend to authorities	a friend denounces a friend to the authorities
betrayed-by-the-closest	truth	trusting,betraying	The betrayal comes from the person nearest, who was serving someone else	one betrays friend to those hunting him	one betrays a friend to those hunting him
betrayed-by-the-closest	truth	trusting,betraying	The betrayal comes from the person nearest, who was serving someone else	one betrays man he was serving	one betrays the man he was serving
betrayed-by-the-closest	truth	trusting,betraying	The betrayal comes from the person nearest, who was serving someone else	one of trusted works against them	one of the trusted works against them
betrayed-by-the-closest	truth	trusting,betraying	The betrayal comes from the person nearest, who was serving someone else	subordinate turns against one they served	a subordinate turns against the one they served
betrayed-by-the-closest	truth	trusting,betraying	The betrayal comes from the person nearest, who was serving someone else	trusted person leads another into trap	a trusted person leads another into a trap
betrayed-by-the-closest	truth	trusting,betraying	The betrayal comes from the person nearest, who was serving someone else	ally turns out to serve enemy	an ally turns out to serve the enemy
betrayed-by-the-closest	truth	trusting,betraying	The betrayal comes from the person nearest, who was serving someone else	closest confidant is working for someone else	the closest confidant is working for someone else
betrayed-by-the-closest	truth	trusting,betraying	The betrayal comes from the person nearest, who was serving someone else	follower betrays leader he serves	a follower betrays the leader he serves
betrayed-by-the-closest	truth	trusting,betraying	The betrayal comes from the person nearest, who was serving someone else	man turns against those he once served	a man turns against those he once served
betrayed-by-the-closest	truth	trusting,betraying	The betrayal comes from the person nearest, who was serving someone else	one inside house serves outsider	one inside the house serves an outsider
betrayed-by-the-closest	truth	trusting,betraying	The betrayal comes from the person nearest, who was serving someone else	one is betrayed by closest friend	one is betrayed by a closest friend
betrayed-by-the-closest	truth	trusting,betraying	The betrayal comes from the person nearest, who was serving someone else	secret partner is hidden from rest	a secret partner is hidden from the rest
betrayed-by-the-closest	truth	trusting,betraying	The betrayal comes from the person nearest, who was serving someone else	spouse is secretly loyal to another master	a spouse is secretly loyal to another master
bond-severed-without-reason	bond	severing,severed	One party ends the bond and will not give a reason the other can accept	one leaves other behind	one leaves the other behind
bond-severed-without-reason	bond	severing,severed	One party ends the bond and will not give a reason the other can accept	closeness is refused as loss of self	closeness is refused as a loss of self
bond-severed-without-reason	bond	severing,severed	One party ends the bond and will not give a reason the other can accept	man s change drives his partner away	a man's change drives his partner away
bond-severed-without-reason	bond	severing,severed	One party ends the bond and will not give a reason the other can accept	one is told leaving cannot be undone	one is told leaving cannot be undone
bond-severed-without-reason	bond	severing,severed	One party ends the bond and will not give a reason the other can accept	one of group slips away from it	one of a group slips away from it
bond-severed-without-reason	bond	severing,severed	One party ends the bond and will not give a reason the other can accept	one partner stays after deciding to go	one partner stays after deciding to go
bond-severed-without-reason	bond	severing,severed	One party ends the bond and will not give a reason the other can accept	one partner stops listening to other	one partner stops listening to the other
bond-severed-without-reason	bond	severing,severed	One party ends the bond and will not give a reason the other can accept	one walks away from group toward death	one walks away from the group toward death
bond-severed-without-reason	bond	severing,severed	One party ends the bond and will not give a reason the other can accept	one walks away without saying why	one walks away without saying why
bond-severed-without-reason	bond	severing,severed	One party ends the bond and will not give a reason the other can accept	someone will not accept that it is over	someone will not accept that it is over
bond-severed-without-reason	bond	severing,severed	One party ends the bond and will not give a reason the other can accept	two people can no longer speak plainly together	two people can no longer speak plainly together
captor-and-captive-attach	bond	holding,held	Captor and captive form the attachment the captivity forbids	attempt at escape tightens bond	an attempt at escape tightens the bond
captor-and-captive-attach	bond	holding,held	Captor and captive form the attachment the captivity forbids	captive befriends one holding him	a captive befriends the one holding him
captor-and-captive-attach	bond	holding,held	Captor and captive form the attachment the captivity forbids	captive buys freedom by serving his captors	a captive buys freedom by serving his captors
captor-and-captive-attach	bond	holding,held	Captor and captive form the attachment the captivity forbids	captive escapes those holding him	a captive escapes those holding him
captor-and-captive-attach	bond	holding,held	Captor and captive form the attachment the captivity forbids	captive must talk their captor into freedom	a captive must talk their captor into freedom
captor-and-captive-attach	bond	holding,held	Captor and captive form the attachment the captivity forbids	captor becomes captive then captor again	captor becomes captive then captor again
captor-and-captive-attach	bond	holding,held	Captor and captive form the attachment the captivity forbids	captor comes to protect his captive	a captor comes to protect his captive
captor-and-captive-attach	bond	holding,held	Captor and captive form the attachment the captivity forbids	captor courts woman he has taken	a captor courts the woman he has taken
captor-and-captive-attach	bond	holding,held	Captor and captive form the attachment the captivity forbids	captor falls for person he holds	a captor falls for the person he holds
captor-and-captive-attach	bond	holding,held	Captor and captive form the attachment the captivity forbids	victim is offered place among captors	a victim is offered a place among captors
care-given-without-obligation	bond	caring,cared-for	Care is given by someone under no obligation to give it	man tends someone broken before him	a man tends someone broken before him
care-given-without-obligation	bond	caring,cared-for	Care is given by someone under no obligation to give it	powerless are helped in secret	the powerless are helped in secret
care-given-without-obligation	bond	caring,cared-for	Care is given by someone under no obligation to give it	younger man is protected by older one	a younger man is protected by an older one
certainty-without-proof	truth	certain,acted-on	Someone acts on a conviction the evidence does not support	man misreads what he actually saw	a man misreads what he actually saw
certainty-without-proof	truth	certain,acted-on	Someone acts on a conviction the evidence does not support	one thought attacked is one attacking	the one thought attacked is the one attacking
certainty-without-proof	truth	certain,acted-on	Someone acts on a conviction the evidence does not support	someone acts on certainty without any proof	someone acts on certainty without any proof
certainty-without-proof	truth	certain,acted-on	Someone acts on a conviction the evidence does not support	truth arrives after damage is done	the truth arrives after the damage is done
child-handed-over-to-be-raised	kin	giving,receiving	A child is given to someone else to raise	child is given away to be raised	a child is given away to be raised
child-handed-over-to-be-raised	kin	giving,receiving	A child is given to someone else to raise	child is sent away from household	a child is sent away from the household
child-handed-over-to-be-raised	kin	giving,receiving	A child is given to someone else to raise	outsider offers to take child away	an outsider offers to take a child away
child-handed-over-to-be-raised	kin	giving,receiving	A child is given to someone else to raise	child is sent away for their safety	a child is sent away for their safety
child-handed-over-to-be-raised	kin	giving,receiving	A child is given to someone else to raise	child taken in is given back up	a child taken in is given back up
child-handed-over-to-be-raised	kin	giving,receiving	A child is given to someone else to raise	mother leaves her child with strangers	a mother leaves her child with strangers
child-handed-over-to-be-raised	kin	giving,receiving	A child is given to someone else to raise	parent entrusts child to outsider	a parent entrusts a child to an outsider
child-repeats-the-parent	kin	repeating,repeated	The child becomes the parent they swore against	child discovers parent did same	a child discovers the parent did the same
child-repeats-the-parent	kin	repeating,repeated	The child becomes the parent they swore against	child is taught to repeat adult cruelty	a child is taught to repeat adult cruelty
child-repeats-the-parent	kin	repeating,repeated	The child becomes the parent they swore against	child wants to become what destroyed him	a child wants to become what destroyed him
child-repeats-the-parent	kin	repeating,repeated	The child becomes the parent they swore against	children take up cruelty of their parents	children take up the cruelty of their parents
child-repeats-the-parent	kin	repeating,repeated	The child becomes the parent they swore against	children take up killing of adults	children take up the killing of adults
child-repeats-the-parent	kin	repeating,repeated	The child becomes the parent they swore against	man repeats his father with his son	a man repeats his father with his son
child-repeats-the-parent	kin	repeating,repeated	The child becomes the parent they swore against	one sibling repeats parent other rejects	one sibling repeats the parent the other rejects
child-repeats-the-parent	kin	repeating,repeated	The child becomes the parent they swore against	son becomes parent he swore against	a son becomes the parent he swore against
child-searches-for-a-lost-parent	kin	searching,absent	A child sets out to find the parent who is gone	mother searches for son taken away	a mother searches for a son taken away
child-searches-for-a-lost-parent	kin	searching,absent	A child sets out to find the parent who is gone	child searches for parent gone missing	a child searches for a parent gone missing
child-searches-for-a-lost-parent	kin	searching,absent	A child sets out to find the parent who is gone	child travels far to find parent	a child travels far to find a parent
child-searches-for-a-lost-parent	kin	searching,absent	A child sets out to find the parent who is gone	child waits for parent s promised return	a child waits for a parent's promised return
child-searches-for-a-lost-parent	kin	searching,absent	A child sets out to find the parent who is gone	missing girl is searched for by kin	a missing girl is searched for by kin
child-searches-for-a-lost-parent	kin	searching,absent	A child sets out to find the parent who is gone	search for lost destroys searcher	a search for the lost destroys the searcher
child-searches-for-a-lost-parent	kin	searching,absent	A child sets out to find the parent who is gone	someone searches for missing relative	someone searches for a missing relative
child-sold-or-set-to-adult-labour	exchange	selling,sold	A child is sold or set to adult work to keep the household alive	child is sold to feed others	a child is sold to feed the others
child-sold-or-set-to-adult-labour	exchange	selling,sold	A child is sold or set to adult work to keep the household alive	man makes children do man s work	a man makes children do a man's work
closeness-held-short-of-consummation	bond	holding-back,holding-back	Two stay close for years without letting it become what it is	two people love inside fixed deadline	two people love inside a fixed deadline
closeness-held-short-of-consummation	bond	holding-back,holding-back	Two stay close for years without letting it become what it is	closeness is kept just short of consummation	closeness is kept just short of consummation
closeness-held-short-of-consummation	bond	holding-back,holding-back	Two stay close for years without letting it become what it is	person flees one they want	a person flees the one they want
closeness-held-short-of-consummation	bond	holding-back,holding-back	Two stay close for years without letting it become what it is	two people agree to remain strangers	two people agree to remain strangers
closeness-held-short-of-consummation	bond	holding-back,holding-back	Two stay close for years without letting it become what it is	two people are kept apart for decades	two people are kept apart for decades
closeness-held-short-of-consummation	bond	holding-back,holding-back	Two stay close for years without letting it become what it is	two people court each other as opponents	two people court each other as opponents
closeness-held-short-of-consummation	bond	holding-back,holding-back	Two stay close for years without letting it become what it is	two people meet for years without becoming lovers	two people meet for years without becoming lovers
confession-undoes-what-silence-held	truth	confessing,undone	Speaking the thing aloud destroys what concealment was holding together	another s confession forces man to look inward	another's confession forces a man to look inward
confession-undoes-what-silence-held	truth	confessing,undone	Speaking the thing aloud destroys what concealment was holding together	confession drives other toward self destruction	a confession drives the other toward self-destruction
confession-undoes-what-silence-held	truth	confessing,undone	Speaking the thing aloud destroys what concealment was holding together	confession ends what concealment protected	confession ends what concealment protected
confession-undoes-what-silence-held	truth	confessing,undone	Speaking the thing aloud destroys what concealment was holding together	old betrayal is confessed decades too late	an old betrayal is confessed decades too late
confession-undoes-what-silence-held	truth	confessing,undone	Speaking the thing aloud destroys what concealment was holding together	one person s confessions become another s material	one person's confessions become another's material
confession-undoes-what-silence-held	truth	confessing,undone	Speaking the thing aloud destroys what concealment was holding together	silence from one drives other to speak	silence from one drives the other to speak
contempt-drives-a-person-to-end-their-life	death	despising,despised	A person is treated out of existence	death is only refusal left	death is the only refusal left
contempt-drives-a-person-to-end-their-life	death	despising,despised	A person is treated out of existence	abandoned person tries to end her life	an abandoned person tries to end her life
contempt-drives-a-person-to-end-their-life	death	despising,despised	A person is treated out of existence	contempt drives person to take their life	contempt drives a person to take their life
contempt-drives-a-person-to-end-their-life	death	despising,despised	A person is treated out of existence	injury turns man against his life	an injury turns a man against his life
contempt-drives-a-person-to-end-their-life	death	despising,despised	A person is treated out of existence	lover s mockery is answered with threatened self harm	a lover's mockery is answered with threatened self-harm
contempt-drives-a-person-to-end-their-life	death	despising,despised	A person is treated out of existence	one preaching hope takes his life	the one preaching hope takes his life
cruelty-received-as-love	bond	harming,attached	Affection and injury arrive from the same hand	cruelty is received as love	cruelty is received as love
cruelty-received-as-love	bond	harming,attached	Affection and injury arrive from the same hand	man harms person he loves	a man harms the person he loves
cruelty-received-as-love	bond	harming,attached	Affection and injury arrive from the same hand	one is beaten inside her own home	one is beaten inside her own home
cruelty-received-as-love	bond	harming,attached	Affection and injury arrive from the same hand	one offering love also deals blows	the one offering love also deals the blows
cruelty-received-as-love	bond	harming,attached	Affection and injury arrive from the same hand	person stays with someone cruel to them	a person stays with someone cruel to them
cruelty-received-as-love	bond	harming,attached	Affection and injury arrive from the same hand	someone keeps returning to one hurting her	someone keeps returning to the one hurting her
cruelty-received-as-love	bond	harming,attached	Affection and injury arrive from the same hand	those closest were treated with quiet contempt	those closest were treated with quiet contempt
deference-owed-to-someone-despised	power	deferring,deferred-to	Respect must be performed toward someone the person despises	man must praise someone he despises	a man must praise someone he despises
deference-owed-to-someone-despised	power	deferring,deferred-to	Respect must be performed toward someone the person despises	rescuer must flatter one they fear	a rescuer must flatter the one they fear
desire-crosses-the-generation-at-home	bond	older,younger	Desire inside the household reaches across the generation line	aging person pursues someone far younger	an aging person pursues someone far younger
desire-crosses-the-generation-at-home	bond	older,younger	Desire inside the household reaches across the generation line	mother forbids her daughter mother s lover	a mother forbids her daughter the mother's lover
desire-crosses-the-generation-at-home	bond	older,younger	Desire inside the household reaches across the generation line	older lover keeps younger one hidden	an older lover keeps a younger one hidden
desire-crosses-the-generation-at-home	bond	older,younger	Desire inside the household reaches across the generation line	one marries mother to reach daughter	one marries the mother to reach the daughter
desire-crosses-the-generation-at-home	bond	older,younger	Desire inside the household reaches across the generation line	woman wants man her daughter has	a woman wants the man her daughter has
desire-crosses-the-generation-at-home	bond	older,younger	Desire inside the household reaches across the generation line	young man wants his father s wife	a young man wants his father's wife
desire-outside-an-intact-bond	bond	straying,betrayed,third	Desire is pursued outside a marriage that is still standing	desire is pursued outside intact marriage	desire is pursued outside an intact marriage
desire-outside-an-intact-bond	bond	straying,betrayed,third	Desire is pursued outside a marriage that is still standing	someone about to marry is drawn elsewhere	someone about to marry is drawn elsewhere
desire-outside-an-intact-bond	bond	straying,betrayed,third	Desire is pursued outside a marriage that is still standing	spouse suspects other of affair	a spouse suspects the other of an affair
desire-outside-an-intact-bond	bond	straying,betrayed,third	Desire is pursued outside a marriage that is still standing	third person comes between two lovers	a third person comes between two lovers
desire-outside-an-intact-bond	bond	straying,betrayed,third	Desire is pursued outside a marriage that is still standing	third person enters settled couple	a third person enters a settled couple
desire-outside-an-intact-bond	bond	straying,betrayed,third	Desire is pursued outside a marriage that is still standing	third person is admitted into marriage	a third person is admitted into a marriage
desire-outside-an-intact-bond	bond	straying,betrayed,third	Desire is pursued outside a marriage that is still standing	affair must end at fixed hour	an affair must end at a fixed hour
desire-outside-an-intact-bond	bond	straying,betrayed,third	Desire is pursued outside a marriage that is still standing	lover proposes removal of spouse	a lover proposes the removal of a spouse
desire-outside-an-intact-bond	bond	straying,betrayed,third	Desire is pursued outside a marriage that is still standing	neglected spouse turns to another	the neglected spouse turns to another
desire-outside-an-intact-bond	bond	straying,betrayed,third	Desire is pursued outside a marriage that is still standing	neglected wife takes lover	a neglected wife takes a lover
desire-outside-an-intact-bond	bond	straying,betrayed,third	Desire is pursued outside a marriage that is still standing	respectable person hides shameful attachment	a respectable person hides a shameful attachment
desire-outside-an-intact-bond	bond	straying,betrayed,third	Desire is pursued outside a marriage that is still standing	spouse flirts to make other jealous	a spouse flirts to make the other jealous
desire-outside-an-intact-bond	bond	straying,betrayed,third	Desire is pursued outside a marriage that is still standing	spouse is blamed for loving someone else	a spouse is blamed for loving someone else
desire-outside-an-intact-bond	bond	straying,betrayed,third	Desire is pursued outside a marriage that is still standing	wife hires someone to kill her husband	a wife hires someone to kill her husband
desire-outside-an-intact-bond	bond	straying,betrayed,third	Desire is pursued outside a marriage that is still standing	wife takes in her husband s mistress	a wife takes in her husband's mistress
desire-outside-an-intact-bond	bond	straying,betrayed,third	Desire is pursued outside a marriage that is still standing	wronged wife comes for other woman	the wronged wife comes for the other woman
devotion-not-returned	bond	devoted,indifferent	One gives far more than the other can or will return	one is turned away by person desired	one is turned away by the person desired
devotion-not-returned	bond	devoted,indifferent	One gives far more than the other can or will return	one person wants more than other returns	one person wants more than the other returns
devotion-not-returned	bond	devoted,indifferent	One gives far more than the other can or will return	someone keeps returning to person already lost	someone keeps returning to a person already lost
devotion-not-returned	bond	devoted,indifferent	One gives far more than the other can or will return	affection is returned as kinship instead of love	affection is returned as kinship instead of love
devotion-not-returned	bond	devoted,indifferent	One gives far more than the other can or will return	desired one refuses to look	the desired one refuses to look
devotion-not-returned	bond	devoted,indifferent	One gives far more than the other can or will return	man loves someone unwilling to have him	a man loves someone unwilling to have him
devotion-not-returned	bond	devoted,indifferent	One gives far more than the other can or will return	one is left behind by person adored	one is left behind by the person adored
devotion-not-returned	bond	devoted,indifferent	One gives far more than the other can or will return	one loves friend unable to return it	one loves a friend unable to return it
devotion-not-returned	bond	devoted,indifferent	One gives far more than the other can or will return	one uses love one cannot return	one uses the love one cannot return
devotion-not-returned	bond	devoted,indifferent	One gives far more than the other can or will return	someone is loved without being freed	someone is loved without being freed
devotion-not-returned	bond	devoted,indifferent	One gives far more than the other can or will return	suitor cannot hear refusal	a suitor cannot hear a refusal
devotion-not-returned	bond	devoted,indifferent	One gives far more than the other can or will return	suitor s devotion is met with indifference	a suitor's devotion is met with indifference
disowned-for-what-they-are	kin	disowning,disowned	Someone is cast out by their own for what they are or believe	family has one of its own removed	a family has one of its own removed
disowned-for-what-they-are	kin	disowning,disowned	Someone is cast out by their own for what they are or believe	one is pressed to disown what she believes	one is pressed to disown what she believes
disowned-for-what-they-are	kin	disowning,disowned	Someone is cast out by their own for what they are or believe	parent is disowned for how she earns	a parent is disowned for how she earns
disowned-for-what-they-are	kin	disowning,disowned	Someone is cast out by their own for what they are or believe	person is forbidden to be what he is	a person is forbidden to be what he is
disowned-for-what-they-are	kin	disowning,disowned	Someone is cast out by their own for what they are or believe	woman s faith puts her against her family	a woman's faith puts her against her family
each-teller-shapes-the-past	truth	telling,listening	Every account of the same event flatters its teller	each teller shapes past to spare themselves	each teller shapes the past to spare themselves
each-teller-shapes-the-past	truth	telling,listening	Every account of the same event flatters its teller	man asks others what he himself did	a man asks others what he himself did
each-teller-shapes-the-past	truth	telling,listening	Every account of the same event flatters its teller	man cannot account for his own past	a man cannot account for his own past
each-teller-shapes-the-past	truth	telling,listening	Every account of the same event flatters its teller	man cannot remember his own part	a man cannot remember his own part
each-teller-shapes-the-past	truth	telling,listening	Every account of the same event flatters its teller	man s own account of himself is contested	a man's own account of himself is contested
each-teller-shapes-the-past	truth	telling,listening	Every account of the same event flatters its teller	same encounter happens again slightly differently	the same encounter happens again slightly differently
each-teller-shapes-the-past	truth	telling,listening	Every account of the same event flatters its teller	same person is remembered differently by each	the same person is remembered differently by each
each-teller-shapes-the-past	truth	telling,listening	Every account of the same event flatters its teller	several people claim same shared past	several people claim the same shared past
each-teller-shapes-the-past	truth	telling,listening	Every account of the same event flatters its teller	someone discovers their memories are not their own	someone discovers their memories are not their own
each-teller-shapes-the-past	truth	telling,listening	Every account of the same event flatters its teller	someone doubts account they must pass on	someone doubts the account they must pass on
enemies-recognise-each-other	bond	enemy,enemy	Two on opposite sides recognise each other as the same	two enemies finally stand face to face	two enemies finally stand face to face
enemies-recognise-each-other	bond	enemy,enemy	Two on opposite sides recognise each other as the same	both sides discover their share of fault	both sides discover their share of the fault
enemies-recognise-each-other	bond	enemy,enemy	Two on opposite sides recognise each other as the same	enemies recognize each other through shared song	enemies recognize each other through a shared song
enemies-recognise-each-other	bond	enemy,enemy	Two on opposite sides recognise each other as the same	enemies thrown together come to respect each other	enemies thrown together come to respect each other
enemies-recognise-each-other	bond	enemy,enemy	Two on opposite sides recognise each other as the same	enemy is honoured for his restraint	an enemy is honoured for his restraint
enemies-recognise-each-other	bond	enemy,enemy	Two on opposite sides recognise each other as the same	enemy is seen among their children	an enemy is seen among their children
enemies-recognise-each-other	bond	enemy,enemy	Two on opposite sides recognise each other as the same	rivals become friends after they are both hurt	rivals become friends after they are both hurt
envy-of-another-life	bond	envying,envied	Watching a life one cannot have becomes unbearable	another s happiness is unbearable to one watching	another's happiness is unbearable to the one watching
envy-of-another-life	bond	envying,envied	Watching a life one cannot have becomes unbearable	guest envies life they are shown	a guest envies the life they are shown
envy-of-another-life	bond	envying,envied	Watching a life one cannot have becomes unbearable	one man envies life he can see	one man envies the life he can see
envy-of-another-life	bond	envying,envied	Watching a life one cannot have becomes unbearable	person alone watches others keep their families	a person alone watches others keep their families
friends-divided-by-a-larger-force	bond	friend,friend	A friendship is broken by a power neither friend controls	one loves both sides of war	one loves both sides of a war
friends-divided-by-a-larger-force	bond	friend,friend	A friendship is broken by a power neither friend controls	friends are made enemies by forces above them	friends are made enemies by forces above them
friends-divided-by-a-larger-force	bond	friend,friend	A friendship is broken by a power neither friend controls	friends are made to take sides	friends are made to take sides
friends-divided-by-a-larger-force	bond	friend,friend	A friendship is broken by a power neither friend controls	two factions of one side disagree on timing	two factions of one side disagree on timing
friends-divided-by-a-larger-force	bond	friend,friend	A friendship is broken by a power neither friend controls	two men find their childhoods were same	two men find their childhoods were the same
grief-discharged-as-violence-on-the-uninvolved	violence	grieving,struck	The injury is paid out on people who had nothing to do with it	onlooker is drawn into another s fight	an onlooker is drawn into another's fight
grief-discharged-as-violence-on-the-uninvolved	violence	grieving,struck	The injury is paid out on people who had nothing to do with it	harm is done to strangers to protect oneself	harm is done to strangers to protect oneself
grief-discharged-as-violence-on-the-uninvolved	violence	grieving,struck	The injury is paid out on people who had nothing to do with it	bereaved makes others suffer same loss	the bereaved makes others suffer the same loss
grief-discharged-as-violence-on-the-uninvolved	violence	grieving,struck	The injury is paid out on people who had nothing to do with it	bystander is forced to take side	a bystander is forced to take a side
grief-discharged-as-violence-on-the-uninvolved	violence	grieving,struck	The injury is paid out on people who had nothing to do with it	grief is discharged as violence toward strangers	grief is discharged as violence toward strangers
grief-discharged-as-violence-on-the-uninvolved	violence	grieving,struck	The injury is paid out on people who had nothing to do with it	old loss is repaid on strangers	an old loss is repaid on strangers
grief-discharged-as-violence-on-the-uninvolved	violence	grieving,struck	The injury is paid out on people who had nothing to do with it	stranger is killed for no reason	a stranger is killed for no reason
held-in-place-with-no-way-forward-or-back	power	held,holding	A person is fixed where they are, unable to advance or return	man is allowed neither forward nor back	a man is allowed neither forward nor back
held-in-place-with-no-way-forward-or-back	power	held,holding	A person is fixed where they are, unable to advance or return	one is held where time no longer passes	one is held where time no longer passes
help-comes-from-the-enemy	bond	helping,helped	The help arrives from the person with the most reason to withhold it	man saves one he despised	a man saves the one he despised
help-comes-from-the-enemy	bond	helping,helped	The help arrives from the person with the most reason to withhold it	adversary becomes only available ally	an adversary becomes the only available ally
help-comes-from-the-enemy	bond	helping,helped	The help arrives from the person with the most reason to withhold it	follower is turned by being shown kindness	a follower is turned by being shown kindness
help-comes-from-the-enemy	bond	helping,helped	The help arrives from the person with the most reason to withhold it	forced ally becomes chosen one	a forced ally becomes a chosen one
help-comes-from-the-enemy	bond	helping,helped	The help arrives from the person with the most reason to withhold it	help arrives from long standing enemy	help arrives from a long-standing enemy
help-comes-from-the-enemy	bond	helping,helped	The help arrives from the person with the most reason to withhold it	man who once punished him now helps	the man who once punished him now helps
help-is-refused-as-humiliation	exchange	offering,refusing	The offer of help is an insult and is refused as one	help is refused as humiliation	help is refused as humiliation
help-is-refused-as-humiliation	exchange	offering,refusing	The offer of help is an insult and is refused as one	help is refused at moment of need	help is refused at the moment of need
help-is-refused-as-humiliation	exchange	offering,refusing	The offer of help is an insult and is refused as one	help must be turned away to stay safe	help must be turned away to stay safe
help-is-refused-as-humiliation	exchange	offering,refusing	The offer of help is an insult and is refused as one	help offered is refused as humiliation	help offered is refused as humiliation
help-is-refused-as-humiliation	exchange	offering,refusing	The offer of help is an insult and is refused as one	one paid refuses payment	the one paid refuses the payment
help-is-refused-as-humiliation	exchange	offering,refusing	The offer of help is an insult and is refused as one	someone rejects pity offered to them	someone rejects the pity offered to them
help-that-creates-ownership	exchange	helping,indebted	Help is given so that a claim exists afterwards	help is offered for helper s own ends	help is offered for the helper's own ends
help-that-creates-ownership	exchange	helping,indebted	Help is given so that a claim exists afterwards	gift is given to create obligation	a gift is given to create obligation
help-that-creates-ownership	exchange	helping,indebted	Help is given so that a claim exists afterwards	help is bought with concession one hates	help is bought with a concession one hates
help-that-creates-ownership	exchange	helping,indebted	Help is given so that a claim exists afterwards	help is given to hide old wrong	help is given to hide an old wrong
help-that-creates-ownership	exchange	helping,indebted	Help is given so that a claim exists afterwards	helper cannot tell help from possession	a helper cannot tell help from possession
help-that-creates-ownership	exchange	helping,indebted	Help is given so that a claim exists afterwards	one pays another s debts expecting to be loved	one pays another's debts expecting to be loved
help-that-creates-ownership	exchange	helping,indebted	Help is given so that a claim exists afterwards	someone is lifted out of need by another	someone is lifted out of need by another
hidden-parentage-revealed	kin	concealing,revealed	A birth or a parentage kept hidden comes to light	child turns out to be another man s	a child turns out to be another man's
hidden-parentage-revealed	kin	concealing,revealed	A birth or a parentage kept hidden comes to light	hidden origin comes to light	a hidden origin comes to light
hidden-parentage-revealed	kin	concealing,revealed	A birth or a parentage kept hidden comes to light	birth is hidden from one born	a birth is hidden from the one born
hidden-parentage-revealed	kin	concealing,revealed	A birth or a parentage kept hidden comes to light	boy is claimed by enemy father	a boy is claimed by the enemy father
hidden-parentage-revealed	kin	concealing,revealed	A birth or a parentage kept hidden comes to light	child discovers what he truly is	a child discovers what he truly is
hidden-parentage-revealed	kin	concealing,revealed	A birth or a parentage kept hidden comes to light	hidden parentage is revealed to child	a hidden parentage is revealed to the child
hidden-parentage-revealed	kin	concealing,revealed	A birth or a parentage kept hidden comes to light	hidden relative is discovered by lover	a hidden relative is discovered by the lover
hidden-parentage-revealed	kin	concealing,revealed	A birth or a parentage kept hidden comes to light	two people meet without knowing they are kin	two people meet without knowing they are kin
hidden-parentage-revealed	kin	concealing,revealed	A birth or a parentage kept hidden comes to light	woman conceals pregnancy from its father	a woman conceals a pregnancy from its father
hostage-taken-to-force-another	power	taking,compelled,held	Someone is seized to compel the person who loves them	child is held by strangers for gain	a child is held by strangers for gain
hostage-taken-to-force-another	power	taking,compelled,held	Someone is seized to compel the person who loves them	child is taken to force parent	a child is taken to force a parent
hostage-taken-to-force-another	power	taking,compelled,held	Someone is seized to compel the person who loves them	hostage is taken to force trade	a hostage is taken to force a trade
hostage-taken-to-force-another	power	taking,compelled,held	Someone is seized to compel the person who loves them	captive is used to bargain with kin	a captive is used to bargain with kin
hostage-taken-to-force-another	power	taking,compelled,held	Someone is seized to compel the person who loves them	man is coerced through threats to friends	a man is coerced through threats to friends
hostage-taken-to-force-another	power	taking,compelled,held	Someone is seized to compel the person who loves them	many are held to force one to surrender	many are held to force one to surrender
hostage-taken-to-force-another	power	taking,compelled,held	Someone is seized to compel the person who loves them	one called for help becomes another hostage	the one called for help becomes another hostage
hostage-taken-to-force-another	power	taking,compelled,held	Someone is seized to compel the person who loves them	threat is aimed at loved one	a threat is aimed at the loved one
hunted-by-your-own-people	violence	hunting,hunted	A person is hunted by the community they belong to	something living is hidden from those hunting it	something living is hidden from those hunting it
hunted-by-your-own-people	violence	hunting,hunted	A person is hunted by the community they belong to	child is feared by those in power	a child is feared by those in power
hunted-by-your-own-people	violence	hunting,hunted	A person is hunted by the community they belong to	child must outthink adult hunting him	a child must outthink the adult hunting him
hunted-by-your-own-people	violence	hunting,hunted	A person is hunted by the community they belong to	friend reappears convinced he is being hunted	a friend reappears convinced he is being hunted
hunted-by-your-own-people	violence	hunting,hunted	A person is hunted by the community they belong to	man is stalked by unnamed rival	a man is stalked by an unnamed rival
hunted-by-your-own-people	violence	hunting,hunted	A person is hunted by the community they belong to	ones able to heal are hunted	the ones able to heal are hunted
hunted-by-your-own-people	violence	hunting,hunted	A person is hunted by the community they belong to	person is hunted by their own people	a person is hunted by their own people
hunted-by-your-own-people	violence	hunting,hunted	A person is hunted by the community they belong to	person is hunted like animal	a person is hunted like an animal
hunter-bound-to-the-hunted	bond	pursuing,pursued	Pursuer and pursued become each other's only relation	hunted becomes hunter	the hunted becomes the hunter
hunter-bound-to-the-hunted	bond	pursuing,pursued	Pursuer and pursued become each other's only relation	pursuer is changed by one pursued	a pursuer is changed by the one pursued
hunter-bound-to-the-hunted	bond	pursuing,pursued	Pursuer and pursued become each other's only relation	hunted asks pursuer to end him	the hunted asks the pursuer to end him
hunter-bound-to-the-hunted	bond	pursuing,pursued	Pursuer and pursued become each other's only relation	hunter knows his quarry as friend	a hunter knows his quarry as a friend
hunter-bound-to-the-hunted	bond	pursuing,pursued	Pursuer and pursued become each other's only relation	lover appears again as something to hunt	a lover appears again as something to hunt
hunter-bound-to-the-hunted	bond	pursuing,pursued	Pursuer and pursued become each other's only relation	man leads hunt for himself	a man leads the hunt for himself
hunter-bound-to-the-hunted	bond	pursuing,pursued	Pursuer and pursued become each other's only relation	pursuer becomes friend of his quarry	a pursuer becomes the friend of his quarry
hunter-bound-to-the-hunted	bond	pursuing,pursued	Pursuer and pursued become each other's only relation	pursuer has no life without pursued	a pursuer has no life without the pursued
hunter-bound-to-the-hunted	bond	pursuing,pursued	Pursuer and pursued become each other's only relation	pursuer must cooperate with one pursued	a pursuer must cooperate with the one pursued
intimacy-is-the-price-of-survival	exchange	trading,taking	The body is what there is left to trade	intimacy is traded for food	intimacy is traded for food
intimacy-is-the-price-of-survival	exchange	trading,taking	The body is what there is left to trade	one with power names intimate price	the one with power names an intimate price
intimacy-is-the-price-of-survival	exchange	trading,taking	The body is what there is left to trade	person trades intimacy for advancement	a person trades intimacy for advancement
intimacy-is-the-price-of-survival	exchange	trading,taking	The body is what there is left to trade	intimacy is bought back piece by piece	intimacy is bought back piece by piece
intimacy-is-the-price-of-survival	exchange	trading,taking	The body is what there is left to trade	intimacy is exchanged for payment	intimacy is exchanged for payment
intimacy-is-the-price-of-survival	exchange	trading,taking	The body is what there is left to trade	older man uses younger one s obedience	an older man uses a younger one's obedience
intimacy-is-the-price-of-survival	exchange	trading,taking	The body is what there is left to trade	one partner trades other for advancement	one partner trades the other for advancement
intimacy-is-the-price-of-survival	exchange	trading,taking	The body is what there is left to trade	powerful desire those dependent on them	the powerful desire those dependent on them
intimacy-is-the-price-of-survival	exchange	trading,taking	The body is what there is left to trade	something is taken from barely willing	something is taken from the barely willing
intimacy-is-the-price-of-survival	exchange	trading,taking	The body is what there is left to trade	survival is offered in exchange for her body	survival is offered in exchange for her body
intimacy-is-the-price-of-survival	exchange	trading,taking	The body is what there is left to trade	woman offers herself to save man	a woman offers herself to save a man
intimacy-is-the-price-of-survival	exchange	trading,taking	The body is what there is left to trade	young person is paid to visit nightly	a young person is paid to visit nightly
judged-by-birth-not-by-act	power	judging,judged	A person is judged by their parentage or rank rather than what they did	child is judged by his father s name	a child is judged by his father's name
judged-by-birth-not-by-act	power	judging,judged	A person is judged by their parentage or rank rather than what they did	child is judged by his parentage	a child is judged by his parentage
judged-by-birth-not-by-act	power	judging,judged	A person is judged by their parentage or rank rather than what they did	people are barred from life they earned	people are barred from the life they earned
judged-by-birth-not-by-act	power	judging,judged	A person is judged by their parentage or rank rather than what they did	person is condemned by others from birth	a person is condemned by others from birth
judged-by-birth-not-by-act	power	judging,judged	A person is judged by their parentage or rank rather than what they did	wellborn refuse to obey upstart	the wellborn refuse to obey an upstart
kin-absent-at-the-moment-of-need	kin	needing,standing-back	The people obliged to help are the ones who stand back	ones meant to protect him stand back	the ones meant to protect him stand back
kin-absent-at-the-moment-of-need	kin	needing,standing-back	The people obliged to help are the ones who stand back	everyone turned to for help is complicit	everyone turned to for help is complicit
kin-absent-at-the-moment-of-need	kin	needing,standing-back	The people obliged to help are the ones who stand back	help is withheld by those closest	help is withheld by those closest
kin-absent-at-the-moment-of-need	kin	needing,standing-back	The people obliged to help are the ones who stand back	kin are absent when they are most needed	kin are absent when they are most needed
kin-absent-at-the-moment-of-need	kin	needing,standing-back	The people obliged to help are the ones who stand back	one asked for help gives none	the one asked for help gives none
kin-absent-at-the-moment-of-need	kin	needing,standing-back	The people obliged to help are the ones who stand back	one man lets another die within reach	one man lets another die within reach
kin-absent-at-the-moment-of-need	kin	needing,standing-back	The people obliged to help are the ones who stand back	only one able to help refuses	the only one able to help refuses
kin-absent-at-the-moment-of-need	kin	needing,standing-back	The people obliged to help are the ones who stand back	those closest refuse to take fear seriously	those closest refuse to take a fear seriously
kin-absent-at-the-moment-of-need	kin	needing,standing-back	The people obliged to help are the ones who stand back	those meant to protect refuse to act	those meant to protect refuse to act
learning-too-much-makes-a-person-disposable	truth	knowing,removing	Knowing the thing is what makes you worth removing	learning too much makes person disposable	learning too much makes a person disposable
learning-too-much-makes-a-person-disposable	truth	knowing,removing	Knowing the thing is what makes you worth removing	what one man knows would ruin another	what one man knows would ruin another
learning-too-much-makes-a-person-disposable	truth	knowing,removing	Knowing the thing is what makes you worth removing	man tries to sell dangerous secret	a man tries to sell a dangerous secret
love-across-a-forbidden-line	bond	crossing,crossing,enforcing	Love crosses a line of rank, faith or inherited enmity and is punished	lovers are not permitted to belong together	lovers are not permitted to belong together
love-across-a-forbidden-line	bond	crossing,crossing,enforcing	Love crosses a line of rank, faith or inherited enmity and is punished	match is refused for what someone is	a match is refused for what someone is
love-across-a-forbidden-line	bond	crossing,crossing,enforcing	Love crosses a line of rank, faith or inherited enmity and is punished	group expels members for mixing with outsiders	a group expels members for mixing with outsiders
love-across-a-forbidden-line	bond	crossing,crossing,enforcing	Love crosses a line of rank, faith or inherited enmity and is punished	love across forbidden line is punished	love across a forbidden line is punished
love-across-a-forbidden-line	bond	crossing,crossing,enforcing	Love crosses a line of rank, faith or inherited enmity and is punished	love crosses line of inherited enmity	love crosses a line of inherited enmity
love-across-a-forbidden-line	bond	crossing,crossing,enforcing	Love crosses a line of rank, faith or inherited enmity and is punished	love is punished by whole town	a love is punished by the whole town
love-across-a-forbidden-line	bond	crossing,crossing,enforcing	Love crosses a line of rank, faith or inherited enmity and is punished	lovers are kept apart by unequal birth	lovers are kept apart by unequal birth
love-across-a-forbidden-line	bond	crossing,crossing,enforcing	Love crosses a line of rank, faith or inherited enmity and is punished	man loves someone he must not approach	a man loves someone he must not approach
love-across-a-forbidden-line	bond	crossing,crossing,enforcing	Love crosses a line of rank, faith or inherited enmity and is punished	woman binds herself to condemned man	a woman binds herself to a condemned man
love-is-feigned-to-get-something-else	truth	feigning,taken-in	Affection is manufactured as a means	love is feigned to get something else	love is feigned to get something else
love-is-feigned-to-get-something-else	truth	feigning,taken-in	Affection is manufactured as a means	someone loyally serves one deceiving them	someone loyally serves the one deceiving them
love-is-feigned-to-get-something-else	truth	feigning,taken-in	Affection is manufactured as a means	someone is courted for their money	someone is courted for their money
love-is-feigned-to-get-something-else	truth	feigning,taken-in	Affection is manufactured as a means	affection lasts exactly as long as money	affection lasts exactly as long as the money
love-is-feigned-to-get-something-else	truth	feigning,taken-in	Affection is manufactured as a means	change of heart is not believed	a change of heart is not believed
love-is-feigned-to-get-something-else	truth	feigning,taken-in	Affection is manufactured as a means	deceiver comes to love deceived	the deceiver comes to love the deceived
love-is-feigned-to-get-something-else	truth	feigning,taken-in	Affection is manufactured as a means	deception replaces argument when argument fails	deception replaces argument when argument fails
love-is-feigned-to-get-something-else	truth	feigning,taken-in	Affection is manufactured as a means	former lover returns wanting only money	a former lover returns wanting only money
love-is-feigned-to-get-something-else	truth	feigning,taken-in	Affection is manufactured as a means	one takes lover only to use them	one takes a lover only to use them
love-is-feigned-to-get-something-else	truth	feigning,taken-in	Affection is manufactured as a means	person frightens another with false face	a person frightens another with a false face
love-offered-only-on-a-condition	bond	conditioning,conditioned	Affection is available only if a term is met	worth must be proved to be loved	worth must be proved to be loved
love-offered-only-on-a-condition	bond	conditioning,conditioned	Affection is available only if a term is met	love is offered only on condition	love is offered only on a condition
love-offered-only-on-a-condition	bond	conditioning,conditioned	Affection is available only if a term is met	man can love only under threat	a man can love only under threat
love-renounced-to-spare-the-other	bond	renouncing,spared	Love is withheld or given up to protect the one loved	love is concealed to free other	love is concealed to free the other
love-renounced-to-spare-the-other	bond	renouncing,spared	Love is withheld or given up to protect the one loved	love is surrendered to protect parent	love is surrendered to protect a parent
love-renounced-to-spare-the-other	bond	renouncing,spared	Love is withheld or given up to protect the one loved	love must be given up for calling	love must be given up for a calling
love-renounced-to-spare-the-other	bond	renouncing,spared	Love is withheld or given up to protect the one loved	one hides bad news by pushing love away	one hides bad news by pushing love away
love-renounced-to-spare-the-other	bond	renouncing,spared	Love is withheld or given up to protect the one loved	one refuses love to spare beloved ruin	one refuses love to spare the beloved ruin
love-renounced-to-spare-the-other	bond	renouncing,spared	Love is withheld or given up to protect the one loved	someone withdraws rather than cost another his family	someone withdraws rather than cost another his family
love-unevenly-divided-among-children	kin	preferred,passed-over	A parent's love is not divided evenly and the children know it	child is wanted by one parent only	a child is wanted by one parent only
love-unevenly-divided-among-children	kin	preferred,passed-over	A parent's love is not divided evenly and the children know it	one sibling leaves home other remains	one sibling leaves home the other remains
love-unevenly-divided-among-children	kin	preferred,passed-over	A parent's love is not divided evenly and the children know it	parent s love is not evenly divided	a parent's love is not evenly divided
love-unevenly-divided-among-children	kin	preferred,passed-over	A parent's love is not divided evenly and the children know it	son learns his father preferred another	a son learns his father preferred another
loved-under-a-mistaken-identity	identity	loving,mistaken	The love is real and aimed at a person who is not there	man remakes woman into someone lost	a man remakes a woman into someone lost
loved-under-a-mistaken-identity	identity	loving,mistaken	The love is real and aimed at a person who is not there	someone falls for stranger never actually met	someone falls for a stranger never actually met
loved-under-a-mistaken-identity	identity	loving,mistaken	The love is real and aimed at a person who is not there	man interrogates woman he has imagined	a man interrogates the woman he has imagined
loved-under-a-mistaken-identity	identity	loving,mistaken	The love is real and aimed at a person who is not there	man mistakes one woman for another	a man mistakes one woman for another
loved-under-a-mistaken-identity	identity	loving,mistaken	The love is real and aimed at a person who is not there	someone is loved under mistaken identity	someone is loved under a mistaken identity
loved-under-a-mistaken-identity	identity	loving,mistaken	The love is real and aimed at a person who is not there	someone loves wrong person by mistake	someone loves the wrong person by mistake
lovers-found-to-be-kin	kin	lover,lover	Lovers discover they are related	lovers are told they share parent	lovers are told they share a parent
lovers-found-to-be-kin	kin	lover,lover	Lovers discover they are related	two lovers discover they are close kin	two lovers discover they are close kin
lovers-found-to-be-kin	kin	lover,lover	Lovers discover they are related	two people of same family become lovers	two people of the same family become lovers
many-are-spent-to-hold-a-position	power	spending,spent	People are expended to keep a position that is not theirs	many are killed to keep power in place	many are killed to keep power in place
many-are-spent-to-hold-a-position	power	spending,spent	People are expended to keep a position that is not theirs	one man decides fate of many	one man decides the fate of many
many-are-spent-to-hold-a-position	power	spending,spent	People are expended to keep a position that is not theirs	destroying few does not stop many	destroying the few does not stop the many
many-are-spent-to-hold-a-position	power	spending,spent	People are expended to keep a position that is not theirs	one is chosen by group to die	one is chosen by the group to die
many-are-spent-to-hold-a-position	power	spending,spent	People are expended to keep a position that is not theirs	someone decides few to be spared	someone decides the few to be spared
marriage-arranged-over-the-woman	power	disposing,disposed	A marriage is arranged or forced on a woman who is not consulted	woman s life is decided by others	a woman's life is decided by others
marriage-arranged-over-the-woman	power	disposing,disposed	A marriage is arranged or forced on a woman who is not consulted	marriage is arranged between strangers	a marriage is arranged between strangers
marriage-arranged-over-the-woman	power	disposing,disposed	A marriage is arranged or forced on a woman who is not consulted	daughter is given away to stranger	a daughter is given away to a stranger
marriage-arranged-over-the-woman	power	disposing,disposed	A marriage is arranged or forced on a woman who is not consulted	marriage is arranged across difference of class	marriage is arranged across a difference of class
marriage-arranged-over-the-woman	power	disposing,disposed	A marriage is arranged or forced on a woman who is not consulted	marriage is forced on unwilling woman	a marriage is forced on an unwilling woman
marriage-arranged-over-the-woman	power	disposing,disposed	A marriage is arranged or forced on a woman who is not consulted	marriage is forced to secure another s power	a marriage is forced to secure another's power
marriage-arranged-over-the-woman	power	disposing,disposed	A marriage is arranged or forced on a woman who is not consulted	outsider sets terms of marriage	an outsider sets the terms of a marriage
marriage-arranged-over-the-woman	power	disposing,disposed	A marriage is arranged or forced on a woman who is not consulted	two are made to marry over child	two are made to marry over a child
marriage-arranged-over-the-woman	power	disposing,disposed	A marriage is arranged or forced on a woman who is not consulted	widow is handed to her husband s brother	a widow is handed to her husband's brother
marriage-arranged-over-the-woman	power	disposing,disposed	A marriage is arranged or forced on a woman who is not consulted	woman is traded between men as property	a woman is traded between men as property
marriage-emptied-from-inside	bond	spouse,spouse	The marriage stands but nothing passes between the two inside it	couple lives together unable to speak	a couple lives together unable to speak
marriage-emptied-from-inside	bond	spouse,spouse	The marriage stands but nothing passes between the two inside it	marriage is found empty from inside	a marriage is found empty from the inside
marriage-emptied-from-inside	bond	spouse,spouse	The marriage stands but nothing passes between the two inside it	marriage is lived around long absences	a marriage is lived around long absences
marriage-emptied-from-inside	bond	spouse,spouse	The marriage stands but nothing passes between the two inside it	no child comes to bind them together	no child comes to bind them together
marriage-emptied-from-inside	bond	spouse,spouse	The marriage stands but nothing passes between the two inside it	partner stays out of obligation not love	a partner stays out of obligation not love
marriage-emptied-from-inside	bond	spouse,spouse	The marriage stands but nothing passes between the two inside it	spouse becomes parent of other	a spouse becomes the parent of the other
marriage-emptied-from-inside	bond	spouse,spouse	The marriage stands but nothing passes between the two inside it	spouse wants life marriage forbids	a spouse wants a life the marriage forbids
marriage-emptied-from-inside	bond	spouse,spouse	The marriage stands but nothing passes between the two inside it	two people marry across gulf between them	two people marry across a gulf between them
marriage-emptied-from-inside	bond	spouse,spouse	The marriage stands but nothing passes between the two inside it	wife withholds herself from her husband	a wife withholds herself from her husband
marriage-made-for-gain	exchange	marrying,married	A marriage is entered for money, standing or cover rather than love	man marries to look like everyone else	a man marries to look like everyone else
marriage-made-for-gain	exchange	marrying,married	A marriage is entered for money, standing or cover rather than love	man marries widow of comrade	a man marries the widow of a comrade
marriage-made-for-gain	exchange	marrying,married	A marriage is entered for money, standing or cover rather than love	marriage is made for gain not love	a marriage is made for gain not love
marriage-made-for-gain	exchange	marrying,married	A marriage is entered for money, standing or cover rather than love	marriage is paid for by third person	a marriage is paid for by a third person
marriage-made-for-gain	exchange	marrying,married	A marriage is entered for money, standing or cover rather than love	one leaves to become worthy of marriage	one leaves to become worthy of a marriage
mourners-cannot-grieve-together	death	mourner,mourner	Two who lost the same thing cannot grieve in the same way	estranged lovers meet over child they lost	estranged lovers meet over the child they lost
mourners-cannot-grieve-together	death	mourner,mourner	Two who lost the same thing cannot grieve in the same way	one insists other cannot understand	one insists the other cannot understand
mourners-cannot-grieve-together	death	mourner,mourner	Two who lost the same thing cannot grieve in the same way	survivors of same violence cannot resume living	survivors of the same violence cannot resume living
mourners-cannot-grieve-together	death	mourner,mourner	Two who lost the same thing cannot grieve in the same way	two lovers are parted by common catastrophe	two lovers are parted by a common catastrophe
mourners-cannot-grieve-together	death	mourner,mourner	Two who lost the same thing cannot grieve in the same way	two mourners grieve in incompatible ways	two mourners grieve in incompatible ways
mourning-is-performed-for-others	death	mourning,audience	Grief is staged for an audience that requires it	people gather to look back on shared years	people gather to look back on shared years
mourning-is-performed-for-others	death	mourning,audience	Grief is staged for an audience that requires it	only death brings two sides together	only a death brings the two sides together
mourning-is-performed-for-others	death	mourning,audience	Grief is staged for an audience that requires it	stranger is paid to play mourner	a stranger is paid to play the mourner
old-love-reopened-too-late	bond	returning,waited	An old love is reopened after the time for it has passed	man returns to face from childhood	a man returns to a face from childhood
old-love-reopened-too-late	bond	returning,waited	An old love is reopened after the time for it has passed	man returns to love he lost	a man returns to the love he lost
old-love-reopened-too-late	bond	returning,waited	An old love is reopened after the time for it has passed	former lover returns to claim him	a former lover returns to claim him
old-love-reopened-too-late	bond	returning,waited	An old love is reopened after the time for it has passed	man returns to woman he abandoned	a man returns to a woman he abandoned
old-love-reopened-too-late	bond	returning,waited	An old love is reopened after the time for it has passed	old lover tries to rekindle what ended	an old lover tries to rekindle what ended
old-love-reopened-too-late	bond	returning,waited	An old love is reopened after the time for it has passed	old lovers meet again after many years apart	old lovers meet again after many years apart
old-love-reopened-too-late	bond	returning,waited	An old love is reopened after the time for it has passed	old lovers try to resume interrupted life	old lovers try to resume an interrupted life
old-love-reopened-too-late	bond	returning,waited	An old love is reopened after the time for it has passed	one returns too late to be taken back	one returns too late to be taken back
old-love-reopened-too-late	bond	returning,waited	An old love is reopened after the time for it has passed	reconciliation is attempted too late	a reconciliation is attempted too late
old-love-reopened-too-late	bond	returning,waited	An old love is reopened after the time for it has passed	someone returns to love left long ago	someone returns to a love left long ago
old-love-reopened-too-late	bond	returning,waited	An old love is reopened after the time for it has passed	two ruined people meet again by chance	two ruined people meet again by chance
one-accepts-ruin-to-save-another	exchange	sacrificing,spared	Someone takes the harm so that another does not	one must be ruined to save child	one must be ruined to save a child
one-accepts-ruin-to-save-another	exchange	sacrificing,spared	Someone takes the harm so that another does not	man is punished for defending another	a man is punished for defending another
one-accepts-ruin-to-save-another	exchange	sacrificing,spared	Someone takes the harm so that another does not	man tries to stay decent inside cruelty	a man tries to stay decent inside cruelty
one-accepts-ruin-to-save-another	exchange	sacrificing,spared	Someone takes the harm so that another does not	one accepts damnation to save another	one accepts damnation to save another
one-accepts-ruin-to-save-another	exchange	sacrificing,spared	Someone takes the harm so that another does not	one is freed by another s suffering	one is freed by another's suffering
one-accepts-ruin-to-save-another	exchange	sacrificing,spared	Someone takes the harm so that another does not	one is sacrificed so another may rise	one is sacrificed so another may rise
one-accepts-ruin-to-save-another	exchange	sacrificing,spared	Someone takes the harm so that another does not	one man accepts punishment to save another	one man accepts punishment to save another
one-accepts-ruin-to-save-another	exchange	sacrificing,spared	Someone takes the harm so that another does not	parent leaves safety to save child	a parent leaves safety to save the child
one-accepts-ruin-to-save-another	exchange	sacrificing,spared	Someone takes the harm so that another does not	punished for thing done to save another	punished for the thing done to save another
one-accepts-ruin-to-save-another	exchange	sacrificing,spared	Someone takes the harm so that another does not	sacrifice is made with no one watching	a sacrifice is made with no one watching
one-accepts-ruin-to-save-another	exchange	sacrificing,spared	Someone takes the harm so that another does not	shielding weak brings punishment upon protector	shielding the weak brings punishment upon the protector
one-cannot-clear-ones-own-name	truth	accused,disbelieving	There is no way to prove the truth about oneself	one cannot prove truth about oneself	one cannot prove the truth about oneself
one-cannot-clear-ones-own-name	truth	accused,disbelieving	There is no way to prove the truth about oneself	man is judged by everyone he wronged	a man is judged by everyone he wronged
one-cannot-clear-ones-own-name	truth	accused,disbelieving	There is no way to prove the truth about oneself	man is thought coward wrongly	a man is thought a coward wrongly
one-cannot-clear-ones-own-name	truth	accused,disbelieving	There is no way to prove the truth about oneself	man refuses to clear his own name	a man refuses to clear his own name
one-cannot-clear-ones-own-name	truth	accused,disbelieving	There is no way to prove the truth about oneself	someone is punished for what he cannot explain	someone is punished for what he cannot explain
one-dies-in-another-mans-place	death	dying,spared	The death lands on the person who was standing nearby	bystander dies in another man s place	a bystander dies in another man's place
one-dies-in-another-mans-place	death	dying,spared	The death lands on the person who was standing nearby	escape is paid for with life	an escape is paid for with a life
one-dies-in-another-mans-place	death	dying,spared	The death lands on the person who was standing nearby	man volunteers to draw danger away	a man volunteers to draw the danger away
one-dies-in-another-mans-place	death	dying,spared	The death lands on the person who was standing nearby	one person dies in another s place	one person dies in another's place
one-dies-in-another-mans-place	death	dying,spared	The death lands on the person who was standing nearby	one takes another s place at great cost	one takes another's place at great cost
one-dies-in-another-mans-place	death	dying,spared	The death lands on the person who was standing nearby	wounded companion is killed for safety	a wounded companion is killed for safety
one-dies-to-provide-for-the-living	death	dying,provided-for	A death is arranged so the living can go on	child dies saving others	a child dies saving the others
one-dies-to-provide-for-the-living	death	dying,provided-for	A death is arranged so the living can go on	man dies to keep his family safe	a man dies to keep his family safe
one-dies-to-provide-for-the-living	death	dying,provided-for	A death is arranged so the living can go on	man dies to provide for his son	a man dies to provide for his son
one-dies-to-provide-for-the-living	death	dying,provided-for	A death is arranged so the living can go on	old man dies to release child	an old man dies to release a child
one-dies-to-provide-for-the-living	death	dying,provided-for	A death is arranged so the living can go on	someone chooses to stay behind and die	someone chooses to stay behind and die
one-is-made-to-kill	violence	ordering,killing	The killing is done at someone else's decision	killing is done to satisfy others	a killing is done to satisfy others
one-is-made-to-kill	violence	ordering,killing	The killing is done at someone else's decision	one helps harm along without doing it	one helps harm along without doing it
one-is-made-to-kill	violence	ordering,killing	The killing is done at someone else's decision	one is compelled to kill by another s will	one is compelled to kill by another's will
one-is-made-to-kill	violence	ordering,killing	The killing is done at someone else's decision	person is asked to kill their beloved	a person is asked to kill their beloved
one-is-made-to-kill	violence	ordering,killing	The killing is done at someone else's decision	someone is made to help do harm	someone is made to help do harm
one-is-made-to-kill	violence	ordering,killing	The killing is done at someone else's decision	son is ordered to kill his own kin	a son is ordered to kill his own kin
one-kills-what-one-loves	violence	killing,loved	The person destroys the thing they could not otherwise hold	one tries to kill person they love	one tries to kill the person they love
one-kills-what-one-loves	violence	killing,loved	The person destroys the thing they could not otherwise hold	he loves woman he has already condemned	he loves the woman he has already condemned
one-kills-what-one-loves	violence	killing,loved	The person destroys the thing they could not otherwise hold	jealous man kills what he cannot possess	a jealous man kills what he cannot possess
one-kills-what-one-loves	violence	killing,loved	The person destroys the thing they could not otherwise hold	looking back costs lover beloved	looking back costs the lover the beloved
one-kills-what-one-loves	violence	killing,loved	The person destroys the thing they could not otherwise hold	man kills one he desired	a man kills the one he desired
one-kills-what-one-loves	violence	killing,loved	The person destroys the thing they could not otherwise hold	one kills what one was keeping alive	one kills what one was keeping alive
one-kills-what-one-loves	violence	killing,loved	The person destroys the thing they could not otherwise hold	one who worships kills thing worshipped	one who worships kills the thing worshipped
one-kills-what-one-loves	violence	killing,loved	The person destroys the thing they could not otherwise hold	woman kills what her lover loves more	a woman kills what her lover loves more
one-life-is-propped-up-by-another	bond	depending,depended-on	One person's continuation depends on another staying in place	one person s survival depends on another staying	one person's survival depends on another staying
one-life-is-propped-up-by-another	bond	depending,depended-on	One person's continuation depends on another staying in place	one is tied to person beyond reach	one is tied to a person beyond reach
one-life-is-propped-up-by-another	bond	depending,depended-on	One person's continuation depends on another staying in place	someone struggles to keep others bonds intact	someone struggles to keep others' bonds intact
one-must-pretend-to-be-someone-else	identity	performing,audience	A person has to sustain a performance of being someone else	person must pretend to be someone else	a person must pretend to be someone else
one-must-pretend-to-be-someone-else	identity	performing,audience	A person has to sustain a performance of being someone else	man is made to play his victim	a man is made to play his victim
one-must-pretend-to-be-someone-else	identity	performing,audience	A person has to sustain a performance of being someone else	people display themselves hoping to be chosen	people display themselves hoping to be chosen
one-must-pretend-to-be-someone-else	identity	performing,audience	A person has to sustain a performance of being someone else	those playing part step out of it	those playing a part step out of it
one-person-acts-through-another	power	principal,instrument	A person can only act through someone else's hands or voice	voiceless person depends on another s voice	a voiceless person depends on another's voice
one-person-acts-through-another	power	principal,instrument	A person can only act through someone else's hands or voice	person is used as another s hands	a person is used as another's hands
one-person-acts-through-another	power	principal,instrument	A person can only act through someone else's hands or voice	someone unable to speak is spoken for	someone unable to speak is spoken for
one-person-acts-through-another	power	principal,instrument	A person can only act through someone else's hands or voice	friend loves one they speak for	a friend loves the one they speak for
one-person-acts-through-another	power	principal,instrument	A person can only act through someone else's hands or voice	go between quietly decides everyone s fate	the go-between quietly decides everyone's fate
one-person-acts-through-another	power	principal,instrument	A person can only act through someone else's hands or voice	man acts only through other hands	a man acts only through other hands
one-person-acts-through-another	power	principal,instrument	A person can only act through someone else's hands or voice	one person moves another s body for them	one person moves another's body for them
one-person-acts-through-another	power	principal,instrument	A person can only act through someone else's hands or voice	one person must see for another	one person must see for another
one-person-acts-through-another	power	principal,instrument	A person can only act through someone else's hands or voice	someone entrusted to speak for another lies	someone entrusted to speak for another lies
one-persons-ruin-is-anothers-livelihood	exchange	ruined,profiting	One party's collapse is the thing another party lives on	one person s ruin is another s livelihood	one person's ruin is another's livelihood
one-persons-ruin-is-anothers-livelihood	exchange	ruined,profiting	One party's collapse is the thing another party lives on	one man s ruin is another man s living	one man's ruin is another man's living
one-takes-up-the-work-the-dead-left	death	successor,dead	Someone steps into the place a dead person vacated	one man steps into dead man s place	one man steps into a dead man's place
one-takes-up-the-work-the-dead-left	death	successor,dead	Someone steps into the place a dead person vacated	one takes up work dead left	one takes up the work the dead left
one-takes-up-the-work-the-dead-left	death	successor,dead	Someone steps into the place a dead person vacated	man comes to collect for his dead	a man comes to collect for his dead
outsiders-strip-both-sides	power	outsider,quarrelling	An outside interest profits from a quarrel it keeps going	neighbours are set against each other by outsiders	neighbours are set against each other by outsiders
outsiders-strip-both-sides	power	outsider,quarrelling	An outside interest profits from a quarrel it keeps going	refuge is built by ruining its neighbours	a refuge is built by ruining its neighbours
outsiders-strip-both-sides	power	outsider,quarrelling	An outside interest profits from a quarrel it keeps going	rescuers act for cause over rescued	rescuers act for a cause over the rescued
outsiders-strip-both-sides	power	outsider,quarrelling	An outside interest profits from a quarrel it keeps going	ruined are hired to ruin remaining	the ruined are hired to ruin the remaining
outsiders-strip-both-sides	power	outsider,quarrelling	An outside interest profits from a quarrel it keeps going	rumour is planted to move enemy	a rumour is planted to move an enemy
outsiders-strip-both-sides	power	outsider,quarrelling	An outside interest profits from a quarrel it keeps going	threatened hire strangers to fight for them	the threatened hire strangers to fight for them
parent-walks-out	kin	leaving,left	A parent leaves and the child is left waiting	parent s absence unmakes one left waiting	a parent's absence unmakes the one left waiting
parent-walks-out	kin	leaving,left	A parent leaves and the child is left waiting	parent walks out on small child	a parent walks out on a small child
parent-walks-out	kin	leaving,left	A parent leaves and the child is left waiting	deserted family calls man back	a deserted family calls the man back
parent-walks-out	kin	leaving,left	A parent leaves and the child is left waiting	man is left alone with child	a man is left alone with a child
parent-walks-out	kin	leaving,left	A parent leaves and the child is left waiting	man unable to provide abandons his family	a man unable to provide abandons his family
parent-walks-out	kin	leaving,left	A parent leaves and the child is left waiting	parent leaves child to find work	a parent leaves the child to find work
parent-walks-out	kin	leaving,left	A parent leaves and the child is left waiting	parent returns to children raised by another	a parent returns to children raised by another
parent-walks-out	kin	leaving,left	A parent leaves and the child is left waiting	parent sends child away to survive	a parent sends a child away to survive
parent-walks-out	kin	leaving,left	A parent leaves and the child is left waiting	parent walks out then comes back	a parent walks out then comes back
partner-displaced-by-newcomer	bond	displaced,displacing	A settled partner is set aside for someone newer	partner is left for someone more attentive	a partner is left for someone more attentive
partner-displaced-by-newcomer	bond	displaced,displacing	A settled partner is set aside for someone newer	devoted partner is left for newcomer	a devoted partner is left for a newcomer
partner-displaced-by-newcomer	bond	displaced,displacing	A settled partner is set aside for someone newer	one lover is set aside for another	one lover is set aside for another
partner-displaced-by-newcomer	bond	displaced,displacing	A settled partner is set aside for someone newer	another takes place beside beloved	another takes the place beside the beloved
partner-displaced-by-newcomer	bond	displaced,displacing	A settled partner is set aside for someone newer	man rescues his own replacement in love	a man rescues his own replacement in love
partner-displaced-by-newcomer	bond	displaced,displacing	A settled partner is set aside for someone newer	one leaves marriage for someone new	one leaves a marriage for someone new
partner-displaced-by-newcomer	bond	displaced,displacing	A settled partner is set aside for someone newer	one who leaves is replaced immediately	the one who leaves is replaced immediately
partner-displaced-by-newcomer	bond	displaced,displacing	A settled partner is set aside for someone newer	partner is set aside for someone new	a partner is set aside for someone new
partner-displaced-by-newcomer	bond	displaced,displacing	A settled partner is set aside for someone newer	spouse announces they love someone else	a spouse announces they love someone else
partner-displaced-by-newcomer	bond	displaced,displacing	A settled partner is set aside for someone newer	spouse leaves for closest friend	a spouse leaves for the closest friend
partner-displaced-by-newcomer	bond	displaced,displacing	A settled partner is set aside for someone newer	woman is replaced by younger one	a woman is replaced by a younger one
planted-among-them-to-report	truth	infiltrating,infiltrated	Someone joins a circle in order to serve an interest inside it	friendship is built on hidden purpose	a friendship is built on a hidden purpose
planted-among-them-to-report	truth	infiltrating,infiltrated	Someone joins a circle in order to serve an interest inside it	one is paid to observe another in secret	one is paid to observe another in secret
planted-among-them-to-report	truth	infiltrating,infiltrated	Someone joins a circle in order to serve an interest inside it	one work is pretext for another	one work is a pretext for another
planted-among-them-to-report	truth	infiltrating,infiltrated	Someone joins a circle in order to serve an interest inside it	someone passes as another to get close	someone passes as another to get close
planted-among-them-to-report	truth	infiltrating,infiltrated	Someone joins a circle in order to serve an interest inside it	watchers are planted among people they watch	watchers are planted among the people they watch
pressed-to-inform-on-your-own	power	pressing,informing	A person is forced to turn on the people they belong to	pressed by others to turn against his own	pressed by others to turn against his own
pressed-to-inform-on-your-own	power	pressing,informing	A person is forced to turn on the people they belong to	child must betray to save parent	a child must betray to save a parent
private-life-exposed-to-public-judgement	power	exposed,judging	What was private is put before the public to be judged	private conduct is exposed to public judgment	private conduct is exposed to public judgment
private-life-exposed-to-public-judgement	power	exposed,judging	What was private is put before the public to be judged	private grief is made public property	a private grief is made public property
private-life-exposed-to-public-judgement	power	exposed,judging	What was private is put before the public to be judged	private life is exposed to public judgement	a private life is exposed to public judgement
private-life-exposed-to-public-judgement	power	exposed,judging	What was private is put before the public to be judged	private life is policed by authorities	private life is policed by the authorities
private-life-exposed-to-public-judgement	power	exposed,judging	What was private is put before the public to be judged	being adored cuts one off from everyone	being adored cuts one off from everyone
private-life-exposed-to-public-judgement	power	exposed,judging	What was private is put before the public to be judged	private lives are searched for grounds to expel	private lives are searched for grounds to expel
private-life-exposed-to-public-judgement	power	exposed,judging	What was private is put before the public to be judged	public makes hero of him	the public makes a hero of him
private-life-exposed-to-public-judgement	power	exposed,judging	What was private is put before the public to be judged	public praise leaves praised no better off	public praise leaves the praised no better off
promise-of-marriage-broken	bond	promising,waiting	A promise to marry, or to wait, is broken	lover withdraws once promise comes due	a lover withdraws once the promise comes due
promise-of-marriage-broken	bond	promising,waiting	A promise to marry, or to wait, is broken	plea to begin again is refused	a plea to begin again is refused
promise-of-marriage-broken	bond	promising,waiting	A promise to marry, or to wait, is broken	promise of marriage collides with new love	a promise of marriage collides with new love
promise-of-marriage-broken	bond	promising,waiting	A promise to marry, or to wait, is broken	promise of marriage is broken on impulse	a promise of marriage is broken on impulse
promise-of-marriage-broken	bond	promising,waiting	A promise to marry, or to wait, is broken	promise to wait is broken by another	a promise to wait is broken by another
promise-of-marriage-broken	bond	promising,waiting	A promise to marry, or to wait, is broken	rejected woman waits years for his return	a rejected woman waits years for his return
promise-of-marriage-broken	bond	promising,waiting	A promise to marry, or to wait, is broken	wedding is broken off by attack	a wedding is broken off by an attack
punished-for-refusing-to-recant	power	refusing,punishing	A person is punished for declining to say what is demanded	one refuses to speak what others demand	one refuses to speak what others demand
punished-for-refusing-to-recant	power	refusing,punishing	A person is punished for declining to say what is demanded	someone refuses name others give him	someone refuses the name others give him
punished-for-refusing-to-recant	power	refusing,punishing	A person is punished for declining to say what is demanded	one is imprisoned for what they believe	one is imprisoned for what they believe
punished-for-refusing-to-recant	power	refusing,punishing	A person is punished for declining to say what is demanded	one is punished for refusing to be bought	one is punished for refusing to be bought
punished-for-refusing-to-recant	power	refusing,punishing	A person is punished for declining to say what is demanded	person is punished for telling truth	a person is punished for telling the truth
quarrel-that-cannot-end	bond	quarrelling,quarrelling	Two who cannot separate quarrel without resolution	grown child quarrels endlessly with parent	a grown child quarrels endlessly with a parent
quarrel-that-cannot-end	bond	quarrelling,quarrelling	Two who cannot separate quarrel without resolution	neighbours ruin themselves to outdo each other	neighbours ruin themselves to outdo each other
quarrel-that-cannot-end	bond	quarrelling,quarrelling	Two who cannot separate quarrel without resolution	one partner is undermined before child	one partner is undermined before the child
quarrel-that-cannot-end	bond	quarrelling,quarrelling	Two who cannot separate quarrel without resolution	people rekindle ruin they just put out	people rekindle the ruin they just put out
quarrel-that-cannot-end	bond	quarrelling,quarrelling	Two who cannot separate quarrel without resolution	quarrel between families ruins both households	a quarrel between families ruins both households
quarrel-that-cannot-end	bond	quarrelling,quarrelling	Two who cannot separate quarrel without resolution	reconciliation returns to old quarrel	a reconciliation returns to the old quarrel
quarrel-that-cannot-end	bond	quarrelling,quarrelling	Two who cannot separate quarrel without resolution	two who cannot part quarrel without end	two who cannot part quarrel without end
raised-by-someone-not-their-own	kin	raising,raised	A child is raised by people who are not its blood	child is raised by another s hand	a child is raised by another's hand
raised-by-someone-not-their-own	kin	raising,raised	A child is raised by people who are not its blood	man raises child not his own	a man raises a child not his own
raised-by-someone-not-their-own	kin	raising,raised	A child is raised by people who are not its blood	child is raised as another woman s own	a child is raised as another woman's own
raised-by-someone-not-their-own	kin	raising,raised	A child is raised by people who are not its blood	child is raised by her people s enemies	a child is raised by her people's enemies
raised-by-someone-not-their-own	kin	raising,raised	A child is raised by people who are not its blood	child is taken in to be useful	a child is taken in to be useful
raised-by-someone-not-their-own	kin	raising,raised	A child is raised by people who are not its blood	household raises child not its own	a household raises a child not its own
raised-by-someone-not-their-own	kin	raising,raised	A child is raised by people who are not its blood	man makes son of stranger	a man makes a son of a stranger
revenge-carried-across-years	violence	avenging,avenged	The account is kept for decades and then presented	child sets out to avenge parent	a child sets out to avenge a parent
revenge-carried-across-years	violence	avenging,avenged	The account is kept for decades and then presented	old injury returns as violence on strangers	an old injury returns as violence on strangers
revenge-carried-across-years	violence	avenging,avenged	The account is kept for decades and then presented	wronged child grows up to take revenge	a wronged child grows up to take revenge
revenge-carried-across-years	violence	avenging,avenged	The account is kept for decades and then presented	grown man hunts his childhood tormentor	a grown man hunts his childhood tormentor
revenge-carried-across-years	violence	avenging,avenged	The account is kept for decades and then presented	man revenges himself through his enemy s child	a man revenges himself through his enemy's child
revenge-carried-across-years	violence	avenging,avenged	The account is kept for decades and then presented	ruined person is enlisted for revenge	a ruined person is enlisted for revenge
revenge-carried-across-years	violence	avenging,avenged	The account is kept for decades and then presented	what is stolen must be taken back	what is stolen must be taken back
revenge-carried-across-years	violence	avenging,avenged	The account is kept for decades and then presented	wronged returns disguised among powerful	the wronged returns disguised among the powerful
rivals-for-the-same-person	bond	rival,rival,wanted	Two people want the same person and it turns them against each other	two men want same woman	two men want the same woman
rivals-for-the-same-person	bond	rival,rival,wanted	Two people want the same person and it turns them against each other	two friends want same person	two friends want the same person
rivals-for-the-same-person	bond	rival,rival,wanted	Two people want the same person and it turns them against each other	chosen prize is weighed against person	a chosen prize is weighed against a person
rivals-for-the-same-person	bond	rival,rival,wanted	Two people want the same person and it turns them against each other	brothers turn on each other over prize	brothers turn on each other over a prize
rivals-for-the-same-person	bond	rival,rival,wanted	Two people want the same person and it turns them against each other	rival is disgraced by engineered scandal	a rival is disgraced by an engineered scandal
rivals-for-the-same-person	bond	rival,rival,wanted	Two people want the same person and it turns them against each other	rival is removed to secure possession	a rival is removed to secure possession
rivals-for-the-same-person	bond	rival,rival,wanted	Two people want the same person and it turns them against each other	rival takes revenge for lost love	a rival takes revenge for a lost love
rivals-for-the-same-person	bond	rival,rival,wanted	Two people want the same person and it turns them against each other	two men on opposite sides share woman	two men on opposite sides share a woman
rivals-for-the-same-person	bond	rival,rival,wanted	Two people want the same person and it turns them against each other	two men risk death over same woman	two men risk death over the same woman
rivals-for-the-same-person	bond	rival,rival,wanted	Two people want the same person and it turns them against each other	two people demand same person entirely	two people demand the same person entirely
rivals-for-the-same-person	bond	rival,rival,wanted	Two people want the same person and it turns them against each other	woman chooses rival over suitor	a woman chooses the rival over the suitor
saving-a-life-creates-a-lasting-bond	exchange	rescuing,rescued	The rescue makes a tie neither party chose	saving life creates lasting bond	saving a life creates a lasting bond
saving-a-life-creates-a-lasting-bond	exchange	rescuing,rescued	The rescue makes a tie neither party chose	rescued despise their rescuers	the rescued despise their rescuers
saving-a-life-creates-a-lasting-bond	exchange	rescuing,rescued	The rescue makes a tie neither party chose	rescued man becomes rescuer of another	a rescued man becomes the rescuer of another
saving-a-life-creates-a-lasting-bond	exchange	rescuing,rescued	The rescue makes a tie neither party chose	rescued offers to follow rescuer away	the rescued offers to follow the rescuer away
saving-a-life-creates-a-lasting-bond	exchange	rescuing,rescued	The rescue makes a tie neither party chose	rescuer repays debt from long ago	a rescuer repays a debt from long ago
saving-a-life-creates-a-lasting-bond	exchange	rescuing,rescued	The rescue makes a tie neither party chose	rescuer vanishes before thanks can be given	a rescuer vanishes before thanks can be given
sent-into-danger-by-someone-who-stays-safe	power	sending,sent	The one who orders it does not go	one sends another into danger from safety	one sends another into danger from safety
sent-into-danger-by-someone-who-stays-safe	power	sending,sent	The one who orders it does not go	one sent to help is not wanted there	one sent to help is not wanted there
sent-into-danger-by-someone-who-stays-safe	power	sending,sent	The one who orders it does not go	outsider is sent after repeated failures	an outsider is sent after repeated failures
sent-into-danger-by-someone-who-stays-safe	power	sending,sent	The one who orders it does not go	strangers join doomed errand not their own	strangers join a doomed errand not their own
shelter-given-at-mortal-risk	bond	sheltering,sheltered	A household takes in someone whose presence endangers it	stranger in need is taken in	a stranger in need is taken in
shelter-given-at-mortal-risk	bond	sheltering,sheltered	A household takes in someone whose presence endangers it	family in flight asks strangers for shelter	a family in flight asks strangers for shelter
shelter-given-at-mortal-risk	bond	sheltering,sheltered	A household takes in someone whose presence endangers it	help is asked of those passing by	help is asked of those passing by
shelter-given-at-mortal-risk	bond	sheltering,sheltered	A household takes in someone whose presence endangers it	household shelters stranger at mortal risk	a household shelters a stranger at mortal risk
shelter-given-at-mortal-risk	bond	sheltering,sheltered	A household takes in someone whose presence endangers it	man ruined by drink is taken in	a man ruined by drink is taken in
shelter-given-at-mortal-risk	bond	sheltering,sheltered	A household takes in someone whose presence endangers it	outcast is taken in as family	an outcast is taken in as family
shelter-given-at-mortal-risk	bond	sheltering,sheltered	A household takes in someone whose presence endangers it	shelter is found only in confinement	shelter is found only in confinement
shelter-given-at-mortal-risk	bond	sheltering,sheltered	A household takes in someone whose presence endangers it	stranger takes in someone abandoned	a stranger takes in someone abandoned
sibling-rivalry	kin	sibling,sibling	Siblings measure themselves against each other and one is diminished	brother trades his sister s body for gain	a brother trades his sister's body for gain
sibling-rivalry	kin	sibling,sibling	Siblings measure themselves against each other and one is diminished	kinsman waits for elder to fail	a kinsman waits for an elder to fail
sibling-rivalry	kin	sibling,sibling	Siblings measure themselves against each other and one is diminished	man destroys kin he envies	a man destroys the kin he envies
sibling-rivalry	kin	sibling,sibling	Siblings measure themselves against each other and one is diminished	man is left carrying failing brother	a man is left carrying a failing brother
sibling-rivalry	kin	sibling,sibling	Siblings measure themselves against each other and one is diminished	one wishes death on another s family	one wishes death on another's family
sibling-rivalry	kin	sibling,sibling	Siblings measure themselves against each other and one is diminished	twin does easily what other cannot	a twin does easily what the other cannot
survival-requires-selling-what-should-not-be-sold	exchange	selling,buying	Staying alive means giving up the thing that cannot be got back	man is worn down into selling	a man is worn down into selling
survival-requires-selling-what-should-not-be-sold	exchange	selling,buying	Staying alive means giving up the thing that cannot be got back	promised future is bought with present hunger	a promised future is bought with present hunger
survival-requires-selling-what-should-not-be-sold	exchange	selling,buying	Staying alive means giving up the thing that cannot be got back	someone is talked out of selling themselves	someone is talked out of selling themselves
survival-requires-selling-what-should-not-be-sold	exchange	selling,buying	Staying alive means giving up the thing that cannot be got back	someone sells themselves to keep another safe	someone sells themselves to keep another safe
survival-requires-selling-what-should-not-be-sold	exchange	selling,buying	Staying alive means giving up the thing that cannot be got back	survival requires selling what should not be sold	survival requires selling what should not be sold
survivor-guilt	death	surviving,dead	The one who lived cannot settle with having lived	killers cannot live with what they did	the killers cannot live with what they did
survivor-guilt	death	surviving,dead	The one who lived cannot settle with having lived	man grieves someone only after abandoning her	a man grieves someone only after abandoning her
survivor-guilt	death	surviving,dead	The one who lived cannot settle with having lived	man s fear costs another person s life	a man's fear costs another person's life
survivor-guilt	death	surviving,dead	The one who lived cannot settle with having lived	rescuer feels they should have done more	a rescuer feels they should have done more
survivor-guilt	death	surviving,dead	The one who lived cannot settle with having lived	someone blames himself for introducing two people	someone blames himself for introducing two people
suspicion-spreads-among-neighbours	truth	suspecting,suspected	An unexplained event sets a community accusing itself	dead animal sets neighbors accusing one another	a dead animal sets neighbors accusing one another
suspicion-spreads-among-neighbours	truth	suspecting,suspected	An unexplained event sets a community accusing itself	someone hunts for person to blame	someone hunts for a person to blame
suspicion-spreads-among-neighbours	truth	suspecting,suspected	An unexplained event sets a community accusing itself	absent are shamed by their own neighbours	the absent are shamed by their own neighbours
suspicion-spreads-among-neighbours	truth	suspecting,suspected	An unexplained event sets a community accusing itself	naming suspicion gets speaker silenced	naming the suspicion gets the speaker silenced
suspicion-spreads-among-neighbours	truth	suspecting,suspected	An unexplained event sets a community accusing itself	two strangers grow hostile without cause	two strangers grow hostile without cause
taken-for-someone-he-is-not	identity	mistaken,mistaking	A person is mistaken for another and treated accordingly	one is taken for someone he is not	one is taken for someone he is not
taken-for-someone-he-is-not	identity	mistaken,mistaking	A person is mistaken for another and treated accordingly	man is mistaken for another	a man is mistaken for another
taken-for-someone-he-is-not	identity	mistaken,mistaking	A person is mistaken for another and treated accordingly	enemy wears face of parent	an enemy wears the face of a parent
taken-for-someone-he-is-not	identity	mistaken,mistaking	A person is mistaken for another and treated accordingly	friend is mistaken for betrayer	a friend is mistaken for a betrayer
taken-for-someone-he-is-not	identity	mistaken,mistaking	A person is mistaken for another and treated accordingly	man mistakes those before him for others	a man mistakes those before him for others
taken-for-someone-he-is-not	identity	mistaken,mistaking	A person is mistaken for another and treated accordingly	man recognizes his friend in stranger	a man recognizes his friend in a stranger
taken-for-someone-he-is-not	identity	mistaken,mistaking	A person is mistaken for another and treated accordingly	one is not recognized by person nearest	one is not recognized by the person nearest
taken-for-someone-he-is-not	identity	mistaken,mistaking	A person is mistaken for another and treated accordingly	someone is mistaken for feared rival	someone is mistaken for a feared rival
taken-for-someone-he-is-not	identity	mistaken,mistaking	A person is mistaken for another and treated accordingly	stranger is killed by mistake	a stranger is killed by mistake
the-admirer-and-the-admired	identity	imitating,imitated	Someone remakes themselves in the image of another	admired one meets one imitating him	the admired one meets the one imitating him
the-admirer-and-the-admired	identity	imitating,imitated	Someone remakes themselves in the image of another	admirer damages himself to stay loyal	an admirer damages himself to stay loyal
the-admirer-and-the-admired	identity	imitating,imitated	Someone remakes themselves in the image of another	admirer sees through one admired	an admirer sees through the one admired
the-admirer-and-the-admired	identity	imitating,imitated	Someone remakes themselves in the image of another	servant copies his master s appetites	a servant copies his master's appetites
the-admirer-and-the-admired	identity	imitating,imitated	Someone remakes themselves in the image of another	those who lead are worshipped as holy	those who lead are worshipped as holy
the-admirer-and-the-admired	identity	imitating,imitated	Someone remakes themselves in the image of another	young imitate strangers to become someone	the young imitate strangers to become someone
the-body-fails-at-the-decisive-moment	identity	failing,depending	At the moment it is needed the person cannot do it	prize is lost at final moment	the prize is lost at the final moment
the-body-fails-at-the-decisive-moment	identity	failing,depending	At the moment it is needed the person cannot do it	body fails at decisive moment	a body fails at the decisive moment
the-body-fails-at-the-decisive-moment	identity	failing,depending	At the moment it is needed the person cannot do it	ending of fight is deliberately delayed	the ending of a fight is deliberately delayed
the-body-fails-at-the-decisive-moment	identity	failing,depending	At the moment it is needed the person cannot do it	shared undertaking collapses before it is finished	a shared undertaking collapses before it is finished
the-calling-is-chosen-over-the-person	bond	choosing,set-aside	The work, the duty or the ambition is chosen over the person	ambition is chosen over person one loves	ambition is chosen over the person one loves
the-calling-is-chosen-over-the-person	bond	choosing,set-aside	The work, the duty or the ambition is chosen over the person	duty is chosen over one wanted	duty is chosen over the one wanted
the-calling-is-chosen-over-the-person	bond	choosing,set-aside	The work, the duty or the ambition is chosen over the person	person abandoned their own life for family	a person abandoned their own life for family
the-child-carries-the-household	kin	child,failing-adult	The child does the work the adults cannot	child carries adult s unfinished ambition	a child carries an adult's unfinished ambition
the-child-carries-the-household	kin	child,failing-adult	The child does the work the adults cannot	child carries household alone	a child carries the household alone
the-child-carries-the-household	kin	child,failing-adult	The child does the work the adults cannot	child carries household parent cannot	a child carries the household the parent cannot
the-child-carries-the-household	kin	child,failing-adult	The child does the work the adults cannot	children act to save what adults are losing	children act to save what adults are losing
the-child-carries-the-household	kin	child,failing-adult	The child does the work the adults cannot	children are left to raise themselves	children are left to raise themselves
the-child-carries-the-household	kin	child,failing-adult	The child does the work the adults cannot	two children make their way without any adults	two children make their way without any adults
the-child-discovers-who-the-parent-really-is	kin	child,parent	The child learns what the parent was doing all along	child learns parent kept something hidden	a child learns a parent kept something hidden
the-child-discovers-who-the-parent-really-is	kin	child,parent	The child learns what the parent was doing all along	child cannot see what parent hides	a child cannot see what a parent hides
the-child-discovers-who-the-parent-really-is	kin	child,parent	The child learns what the parent was doing all along	child faces parent grown unfamiliar	a child faces a parent grown unfamiliar
the-child-discovers-who-the-parent-really-is	kin	child,parent	The child learns what the parent was doing all along	child sees parent unmasked	a child sees a parent unmasked
the-child-discovers-who-the-parent-really-is	kin	child,parent	The child learns what the parent was doing all along	someone learns what man he trusted did	someone learns what the man he trusted did
the-child-leaves-the-one-who-raised-them	kin	leaving,raised-by	The child departs, or refuses to depart, from the one who raised them	child leaves one who raised him	a child leaves the one who raised him
the-child-leaves-the-one-who-raised-them	kin	leaving,raised-by	The child departs, or refuses to depart, from the one who raised them	child refuses to leave his only kin	a child refuses to leave his only kin
the-child-leaves-the-one-who-raised-them	kin	leaving,raised-by	The child departs, or refuses to depart, from the one who raised them	child runs away hoping to be pursued	a child runs away hoping to be pursued
the-child-sees-what-the-adults-will-not-say	kin	child,adult	The child asks or witnesses the thing the adults are managing around	child asks plainly what adults will not	the child asks plainly what adults will not
the-child-sees-what-the-adults-will-not-say	kin	child,adult	The child asks or witnesses the thing the adults are managing around	child explains dying to another	a child explains dying to another
the-child-sees-what-the-adults-will-not-say	kin	child,adult	The child asks or witnesses the thing the adults are managing around	child hides what elders would lose	a child hides what the elders would lose
the-child-sees-what-the-adults-will-not-say	kin	child,adult	The child asks or witnesses the thing the adults are managing around	child s question is deflected by parent	a child's question is deflected by the parent
the-child-sees-what-the-adults-will-not-say	kin	child,adult	The child asks or witnesses the thing the adults are managing around	child witnesses something he cannot understand	a child witnesses something he cannot understand
the-child-sees-what-the-adults-will-not-say	kin	child,adult	The child asks or witnesses the thing the adults are managing around	children decide what is good for their parents	children decide what is good for their parents
the-comfortable-look-away	power	comfortable,suffering	Those who are all right decline to see the ones who are not	comfortable ignore suffering beneath them	the comfortable ignore the suffering beneath them
the-comfortable-look-away	power	comfortable,suffering	Those who are all right decline to see the ones who are not	others live off one they surround	others live off the one they surround
the-confession-lands-wrong	truth	confessing,hearing	The confession reaches the person it should not have	confession finds no one willing to hear	a confession finds no one willing to hear
the-confession-lands-wrong	truth	confessing,hearing	The confession reaches the person it should not have	man confesses to wrong listener	a man confesses to the wrong listener
the-confession-lands-wrong	truth	confessing,hearing	The confession reaches the person it should not have	message is delivered to wrong person	a message is delivered to the wrong person
the-confession-lands-wrong	truth	confessing,hearing	The confession reaches the person it should not have	secret is confided to wrong person	a secret is confided to the wrong person
the-confession-lands-wrong	truth	confessing,hearing	The confession reaches the person it should not have	stranger s confession is overheard as one s own	a stranger's confession is overheard as one's own
the-crowd-decides-a-mans-fate	power	crowd,singled-out	An assembled public settles what happens to one person	one death turns onlookers against powerful	one death turns the onlookers against the powerful
the-crowd-decides-a-mans-fate	power	crowd,singled-out	An assembled public settles what happens to one person	guilty is exposed before assembled household	the guilty is exposed before the assembled household
the-crowd-decides-a-mans-fate	power	crowd,singled-out	An assembled public settles what happens to one person	one is asked to speak for condemned	one is asked to speak for the condemned
the-crowd-decides-a-mans-fate	power	crowd,singled-out	An assembled public settles what happens to one person	one who intervenes is killed for it	the one who intervenes is killed for it
the-crowd-decides-a-mans-fate	power	crowd,singled-out	An assembled public settles what happens to one person	one who kills is celebrated by onlookers	one who kills is celebrated by the onlookers
the-crowd-decides-a-mans-fate	power	crowd,singled-out	An assembled public settles what happens to one person	strangers act to free condemned man	strangers act to free a condemned man
the-crowd-decides-a-mans-fate	power	crowd,singled-out	An assembled public settles what happens to one person	watching crowd decides man s fate	the watching crowd decides a man's fate
the-danger-is-already-inside-the-house	truth	threatening,threatened	The threat is a person already admitted	danger is someone already inside	the danger is someone already inside
the-danger-is-already-inside-the-house	truth	threatening,threatened	The threat is a person already admitted	danger is discovered to be lover	the danger is discovered to be the lover
the-danger-is-already-inside-the-house	truth	threatening,threatened	The threat is a person already admitted	mildest person is one behind everything	the mildest person is the one behind everything
the-danger-is-already-inside-the-house	truth	threatening,threatened	The threat is a person already admitted	protected one becomes danger	the protected one becomes the danger
the-dead-leave-an-errand-for-the-living	death	dead,charged	The dead leave an instruction the living have to carry	dead leave errand for living	the dead leave an errand for the living
the-dead-leave-an-errand-for-the-living	death	dead,charged	The dead leave an instruction the living have to carry	mentor dies leaving student his task	a mentor dies leaving the student his task
the-dead-leave-an-errand-for-the-living	death	dead,charged	The dead leave an instruction the living have to carry	dead leave word for whoever comes next	the dead leave word for whoever comes next
the-dead-leave-an-errand-for-the-living	death	dead,charged	The dead leave an instruction the living have to carry	dying man extracts promise	a dying man extracts a promise
the-dead-leave-an-errand-for-the-living	death	dead,charged	The dead leave an instruction the living have to carry	one is charged with recovering what was lost	one is charged with recovering what was lost
the-dead-leave-an-errand-for-the-living	death	dead,charged	The dead leave an instruction the living have to carry	things are left for people not yet born	things are left for people not yet born
the-deceiver-comes-to-care-for-the-deceived	truth	deceiving,deceived	The one running the deception becomes attached to its target	cheat becomes friend of cheated	a cheat becomes the friend of the cheated
the-deceiver-comes-to-care-for-the-deceived	truth	deceiving,deceived	The one running the deception becomes attached to its target	cheat returns to undo harm	the cheat returns to undo the harm
the-deceiver-comes-to-care-for-the-deceived	truth	deceiving,deceived	The one running the deception becomes attached to its target	one betrayer returns to save other	one betrayer returns to save the other
the-deceiver-comes-to-care-for-the-deceived	truth	deceiving,deceived	The one running the deception becomes attached to its target	one secretly serves person he harmed	one secretly serves the person he harmed
the-deceiver-comes-to-care-for-the-deceived	truth	deceiving,deceived	The one running the deception becomes attached to its target	one sent to kill falls in love instead	one sent to kill falls in love instead
the-dying-arrange-what-comes-after	death	dying,surviving	The dying set terms for the people who will outlive them	dying restrain living from vengeance	the dying restrain the living from vengeance
the-dying-arrange-what-comes-after	death	dying,surviving	The dying set terms for the people who will outlive them	guardian arranges future he cannot promise	a guardian arranges a future he cannot promise
the-dying-arrange-what-comes-after	death	dying,surviving	The dying set terms for the people who will outlive them	old arrange their own deaths in advance	the old arrange their own deaths in advance
the-dying-arrange-what-comes-after	death	dying,surviving	The dying set terms for the people who will outlive them	one performs last time before dying	one performs a last time before dying
the-dying-arrange-what-comes-after	death	dying,surviving	The dying set terms for the people who will outlive them	visit turns out to be farewell	a visit turns out to be a farewell
the-grown-child-cannot-be-released	kin	holding,held	The grown child is held in the parent's decision	parent decides child s life for her	a parent decides a child's life for her
the-grown-child-cannot-be-released	kin	holding,held	The grown child is held in the parent's decision	grown child asks to be released	a grown child asks to be released
the-grown-child-cannot-be-released	kin	holding,held	The grown child is held in the parent's decision	grown child is kept child	a grown child is kept a child
the-grown-child-cannot-be-released	kin	holding,held	The grown child is held in the parent's decision	parent asks child to come home	a parent asks the child to come home
the-grown-child-cannot-be-released	kin	holding,held	The grown child is held in the parent's decision	parent withholds support from grown child	a parent withholds support from a grown child
the-grown-child-holds-the-parent-to-account	kin	accusing,accused	The grown child presents the parent with an old bill	child cannot forgive parent s old absence	a child cannot forgive a parent's old absence
the-grown-child-holds-the-parent-to-account	kin	accusing,accused	The grown child presents the parent with an old bill	grown child accuses parent of neglect	a grown child accuses a parent of neglect
the-grown-child-holds-the-parent-to-account	kin	accusing,accused	The grown child presents the parent with an old bill	parent learns he was loved without knowing	a parent learns he was loved without knowing
the-grown-child-holds-the-parent-to-account	kin	accusing,accused	The grown child presents the parent with an old bill	young ask old about buried wrongs	the young ask the old about buried wrongs
the-guilty-are-never-called	power	guilty,unable-to-charge	Those with standing are not made to answer	man is answerable to no one	a man is answerable to no one
the-guilty-are-never-called	power	guilty,unable-to-charge	Those with standing are not made to answer	those in power deny what was done	those in power deny what was done
the-guilty-are-never-called	power	guilty,unable-to-charge	Those with standing are not made to answer	those in power protect their own from consequence	those in power protect their own from consequence
the-guilty-are-never-called	power	guilty,unable-to-charge	Those with standing are not made to answer	wronged still live under their tormentors	the wronged still live under their tormentors
the-guilty-are-never-called	power	guilty,unable-to-charge	Those with standing are not made to answer	guilty are punished outside law	the guilty are punished outside the law
the-guilty-are-never-called	power	guilty,unable-to-charge	Those with standing are not made to answer	guilty man is never punished	the guilty man is never punished
the-guilty-are-never-called	power	guilty,unable-to-charge	Those with standing are not made to answer	killers are honoured instead of punished	killers are honoured instead of punished
the-guilty-are-never-called	power	guilty,unable-to-charge	Those with standing are not made to answer	killing is excused by those in authority	a killing is excused by those in authority
the-guilty-are-never-called	power	guilty,unable-to-charge	Those with standing are not made to answer	official is stopped from prosecuting powerful	an official is stopped from prosecuting the powerful
the-guilty-are-never-called	power	guilty,unable-to-charge	Those with standing are not made to answer	those asked to find guilty are guilty	those asked to find the guilty are guilty
the-host-preys-on-the-guest	power	sheltering,sheltered	The one offering shelter is the danger inside it	one trusted for shelter is predator	the one trusted for shelter is the predator
the-host-preys-on-the-guest	power	sheltering,sheltered	The one offering shelter is the danger inside it	guest is killed by his own host	a guest is killed by his own host
the-host-preys-on-the-guest	power	sheltering,sheltered	The one offering shelter is the danger inside it	guests are welcomed in order to be used	guests are welcomed in order to be used
the-host-preys-on-the-guest	power	sheltering,sheltered	The one offering shelter is the danger inside it	only available help comes from exploiter	the only available help comes from an exploiter
the-host-preys-on-the-guest	power	sheltering,sheltered	The one offering shelter is the danger inside it	shelter is offered with price attached	shelter is offered with a price attached
the-host-preys-on-the-guest	power	sheltering,sheltered	The one offering shelter is the danger inside it	someone dies while guest in another home	someone dies while a guest in another home
the-house-hides-its-shame	kin	concealing,concealed	The household conceals its ruin to keep its standing	child hides home from friends	a child hides home from friends
the-house-hides-its-shame	kin	concealing,concealed	The household conceals its ruin to keep its standing	man hides his ruin from his family	a man hides his ruin from his family
the-house-hides-its-shame	kin	concealing,concealed	The household conceals its ruin to keep its standing	man hides his true nature from his family	a man hides his true nature from his family
the-house-hides-its-shame	kin	concealing,concealed	The household conceals its ruin to keep its standing	past is hidden to protect marriage	a past is hidden to protect a marriage
the-house-hides-its-shame	kin	concealing,concealed	The household conceals its ruin to keep its standing	someone hides their work from their parents	someone hides their work from their parents
the-house-is-ruled-by-one-mans-temper	power	ruling,ruled	The household is organised around one person's temper	household is ruled by one man s temper	a household is ruled by one man's temper
the-house-is-ruled-by-one-mans-temper	power	ruling,ruled	The household is organised around one person's temper	man expels his wife from house	a man expels his wife from the house
the-house-is-ruled-by-one-mans-temper	power	ruling,ruled	The household is organised around one person's temper	man is kept from leaving by others	a man is kept from leaving by others
the-house-is-ruled-by-one-mans-temper	power	ruling,ruled	The household is organised around one person's temper	one person maims another to keep them	one person maims another to keep them
the-house-is-ruled-by-one-mans-temper	power	ruling,ruled	The household is organised around one person's temper	wife flees man she married	a wife flees the man she married
the-house-must-act-as-one-to-survive	kin	household,pressed	The household survives only by acting as a single body	child s promised gift cannot be afforded	a child's promised gift cannot be afforded
the-house-must-act-as-one-to-survive	kin	household,pressed	The household survives only by acting as a single body	family must act as one to survive	a family must act as one to survive
the-house-must-act-as-one-to-survive	kin	household,pressed	The household survives only by acting as a single body	family sells what it has to survive	a family sells what it has to survive
the-house-must-act-as-one-to-survive	kin	household,pressed	The household survives only by acting as a single body	home must be abandoned to survive	a home must be abandoned to survive
the-house-must-act-as-one-to-survive	kin	household,pressed	The household survives only by acting as a single body	household is impoverished by death	a household is impoverished by a death
the-house-must-act-as-one-to-survive	kin	household,pressed	The household survives only by acting as a single body	household is pressed by mouths to feed	a household is pressed by mouths to feed
the-house-must-act-as-one-to-survive	kin	household,pressed	The household survives only by acting as a single body	household is relieved by death	a household is relieved by a death
the-house-must-act-as-one-to-survive	kin	household,pressed	The household survives only by acting as a single body	household loses its sons one by one	a household loses its sons one by one
the-house-must-act-as-one-to-survive	kin	household,pressed	The household survives only by acting as a single body	hunger turns household against itself	hunger turns a household against itself
the-house-must-act-as-one-to-survive	kin	household,pressed	The household survives only by acting as a single body	man rations little that is left	a man rations the little that is left
the-innocent-answer-for-one-mans-act	power	acting,answering	The family or the many are punished for what one person did	innocent suffer for what others do	the innocent suffer for what others do
the-innocent-answer-for-one-mans-act	power	acting,answering	The family or the many are punished for what one person did	one man is made to answer for another	one man is made to answer for another
the-innocent-answer-for-one-mans-act	power	acting,answering	The family or the many are punished for what one person did	family is punished for one man s escape	a family is punished for one man's escape
the-innocent-answer-for-one-mans-act	power	acting,answering	The family or the many are punished for what one person did	loved ones are punished for another s defiance	loved ones are punished for another's defiance
the-innocent-answer-for-one-mans-act	power	acting,answering	The family or the many are punished for what one person did	man s family answers for his disobedience	a man's family answers for his disobedience
the-innocent-answer-for-one-mans-act	power	acting,answering	The family or the many are punished for what one person did	one takes blame for another s decisions	one takes the blame for another's decisions
the-innocent-answer-for-one-mans-act	power	acting,answering	The family or the many are punished for what one person did	punishment for one is deflected onto another	punishment for one is deflected onto another
the-innocent-answer-for-one-mans-act	power	acting,answering	The family or the many are punished for what one person did	those close to hunted person are killed	those close to a hunted person are killed
the-innocent-answer-for-one-mans-act	power	acting,answering	The family or the many are punished for what one person did	those punished pass punishment to weaker	those punished pass the punishment to the weaker
the-killing-is-restaged-as-another-story	truth	restaging,killed	The act is rewritten into an account that can be lived with	bystander conceals his own small theft	a bystander conceals his own small theft
the-killing-is-restaged-as-another-story	truth	restaging,killed	The act is rewritten into an account that can be lived with	killing is rehearsed into different story	a killing is rehearsed into a different story
the-killing-is-restaged-as-another-story	truth	restaging,killed	The act is rewritten into an account that can be lived with	killing is staged to preserve lie	a killing is staged to preserve a lie
the-killing-is-restaged-as-another-story	truth	restaging,killed	The act is rewritten into an account that can be lived with	lie about death provokes killing	a lie about a death provokes a killing
the-killing-is-restaged-as-another-story	truth	restaging,killed	The act is rewritten into an account that can be lived with	rash act is covered up by another	a rash act is covered up by another
the-lie-must-be-fed	truth	lying,deceived	A single lie has to be maintained by more of them	lie is taken more seriously than intended	a lie is taken more seriously than intended
the-lie-must-be-fed	truth	lying,deceived	A single lie has to be maintained by more of them	lie must be maintained by more lies	a lie must be maintained by more lies
the-lie-must-be-fed	truth	lying,deceived	A single lie has to be maintained by more of them	lie to stranger ruins marriage	a lie to a stranger ruins a marriage
the-lie-must-be-fed	truth	lying,deceived	A single lie has to be maintained by more of them	man conceals how little he understands	a man conceals how little he understands
the-lie-must-be-fed	truth	lying,deceived	A single lie has to be maintained by more of them	man invents story that comes true	a man invents a story that comes true
the-lie-must-be-fed	truth	lying,deceived	A single lie has to be maintained by more of them	one man s small lie undoes another s life	one man's small lie undoes another's life
the-lie-must-be-fed	truth	lying,deceived	A single lie has to be maintained by more of them	shared pretence becomes as good as real	a shared pretence becomes as good as real
the-lie-must-be-fed	truth	lying,deceived	A single lie has to be maintained by more of them	two must pretend to be lovers	two must pretend to be lovers
the-living-will-not-let-the-dead-go	death	holding,dead	The dead are kept present among the living	dead are kept present among living	the dead are kept present among the living
the-living-will-not-let-the-dead-go	death	holding,dead	The dead are kept present among the living	dead seem to call living onward	the dead seem to call the living onward
the-living-will-not-let-the-dead-go	death	holding,dead	The dead are kept present among the living	living will not leave dead alone	the living will not leave the dead alone
the-living-will-not-let-the-dead-go	death	holding,dead	The dead are kept present among the living	one chooses dead over living	one chooses the dead over the living
the-living-will-not-let-the-dead-go	death	holding,dead	The dead are kept present among the living	someone is known only through what they left	someone is known only through what they left
the-living-will-not-let-the-dead-go	death	holding,dead	The dead are kept present among the living	vigil is kept beside someone past answering	a vigil is kept beside someone past answering
the-living-will-not-let-the-dead-go	death	holding,dead	The dead are kept present among the living	living partner is displaced by dead	a living partner is displaced by the dead
the-living-will-not-let-the-dead-go	death	holding,dead	The dead are kept present among the living	new bond cannot replace lost one	a new bond cannot replace the lost one
the-mediator-is-refused-by-both-sides	power	mediating,refusing	The one who steps between is rejected by both parties	man mediates between two hostile groups	a man mediates between two hostile groups
the-mediator-is-refused-by-both-sides	power	mediating,refusing	The one who steps between is rejected by both parties	one sent to make peace is beaten	one sent to make peace is beaten
the-mediator-is-refused-by-both-sides	power	mediating,refusing	The one who steps between is rejected by both parties	peacemaker is turned away by both sides	a peacemaker is turned away by both sides
the-mild-discover-they-can-kill	violence	discovering,harmed	An ordinary person finds a capacity for violence	man denied his advancement turns to violence	a man denied his advancement turns to violence
the-mild-discover-they-can-kill	violence	discovering,harmed	An ordinary person finds a capacity for violence	man joins what he despises to survive	a man joins what he despises to survive
the-mild-discover-they-can-kill	violence	discovering,harmed	An ordinary person finds a capacity for violence	mild man discovers talent for killing	a mild man discovers a talent for killing
the-mild-discover-they-can-kill	violence	discovering,harmed	An ordinary person finds a capacity for violence	someone becomes what he was sent to destroy	someone becomes what he was sent to destroy
the-mild-discover-they-can-kill	violence	discovering,harmed	An ordinary person finds a capacity for violence	surviving requires becoming thing one hated	surviving requires becoming the thing one hated
the-nearest-cannot-stop-what-one-becomes	bond	watching,changing	Those closest watch a person change and cannot reach them	one reaches for someone slipping away	one reaches for someone slipping away
the-nearest-cannot-stop-what-one-becomes	bond	watching,changing	Those closest watch a person change and cannot reach them	those closest cannot stop what one becomes	those closest cannot stop what one becomes
the-nearest-cannot-stop-what-one-becomes	bond	watching,changing	Those closest watch a person change and cannot reach them	one talks other into irreversible act	one talks the other into an irreversible act
the-newcomer-must-earn-admission	power	outsider,settled	An outsider must earn a place in a closed community	outsider among strangers comes to belong	an outsider among strangers comes to belong
the-newcomer-must-earn-admission	power	outsider,settled	An outsider must earn a place in a closed community	outsider tries to join closed circle	an outsider tries to join a closed circle
the-newcomer-must-earn-admission	power	outsider,settled	An outsider must earn a place in a closed community	stranger arrives sure his own rules apply	a stranger arrives sure his own rules apply
the-newcomer-must-earn-admission	power	outsider,settled	An outsider must earn a place in a closed community	convert is refused by his new cause	a convert is refused by his new cause
the-newcomer-must-earn-admission	power	outsider,settled	An outsider must earn a place in a closed community	exile is taken back by his own	an exile is taken back by his own
the-newcomer-must-earn-admission	power	outsider,settled	An outsider must earn a place in a closed community	man is declared to belong nowhere	a man is declared to belong nowhere
the-newcomer-must-earn-admission	power	outsider,settled	An outsider must earn a place in a closed community	newcomer is watched by closed community	a newcomer is watched by a closed community
the-newcomer-must-earn-admission	power	outsider,settled	An outsider must earn a place in a closed community	outsiders must earn place among settled	outsiders must earn a place among the settled
the-newcomer-must-earn-admission	power	outsider,settled	An outsider must earn a place in a closed community	stranger is feared for what he could do	a stranger is feared for what he could do
the-newcomer-must-earn-admission	power	outsider,settled	An outsider must earn a place in a closed community	traveller is stranded among unfamiliar people	a traveller is stranded among unfamiliar people
the-newcomer-must-earn-admission	power	outsider,settled	An outsider must earn a place in a closed community	unknown are treated as suspect	the unknown are treated as suspect
the-newcomer-takes-the-place-already-held	bond	arriving,displaced	An arrival occupies the place someone already held	returning man finds his place already taken	a returning man finds his place already taken
the-newcomer-takes-the-place-already-held	bond	arriving,displaced	An arrival occupies the place someone already held	someone is chosen as replacement for another	someone is chosen as a replacement for another
the-newcomer-takes-the-place-already-held	bond	arriving,displaced	An arrival occupies the place someone already held	stranger takes place of missing	a stranger takes the place of the missing
the-newcomer-takes-the-place-already-held	bond	arriving,displaced	An arrival occupies the place someone already held	man is replaced inside his own home	a man is replaced inside his own home
the-newcomer-takes-the-place-already-held	bond	arriving,displaced	An arrival occupies the place someone already held	man returns to find his place filled	a man returns to find his place filled
the-newcomer-takes-the-place-already-held	bond	arriving,displaced	An arrival occupies the place someone already held	newcomer eclipses ones already there	a newcomer eclipses the ones already there
the-newcomer-takes-the-place-already-held	bond	arriving,displaced	An arrival occupies the place someone already held	newcomer inherits what powerful men want	a newcomer inherits what powerful men want
the-newcomer-takes-the-place-already-held	bond	arriving,displaced	An arrival occupies the place someone already held	newcomer is handed place of another	a newcomer is handed the place of another
the-newcomer-takes-the-place-already-held	bond	arriving,displaced	An arrival occupies the place someone already held	one man is put in another s place	one man is put in another's place
the-newcomer-takes-the-place-already-held	bond	arriving,displaced	An arrival occupies the place someone already held	someone finds another man in his place	someone finds another man in his place
the-obvious-is-collectively-denied	truth	denying,seeing	What everyone can see is denied by everyone	harm has no author anyone can name	the harm has no author anyone can name
the-obvious-is-collectively-denied	truth	denying,seeing	What everyone can see is denied by everyone	one denies what everyone else can see	one denies what everyone else can see
the-obvious-is-collectively-denied	truth	denying,seeing	What everyone can see is denied by everyone	what happened is denied to save face	what happened is denied to save face
the-obvious-is-collectively-denied	truth	denying,seeing	What everyone can see is denied by everyone	what one saw cannot be shown to others	what one saw cannot be shown to others
the-obvious-is-collectively-denied	truth	denying,seeing	What everyone can see is denied by everyone	what some do openly others must hide	what some do openly others must hide
the-old-are-put-away	kin	aged,children	The old are handed between their children, or put away	elder loses thread of present	an elder loses the thread of the present
the-old-are-put-away	kin	aged,children	The old are handed between their children, or put away	grown child tends dying parent alone	a grown child tends a dying parent alone
the-old-are-put-away	kin	aged,children	The old are handed between their children, or put away	old are passed between their grown children	the old are passed between their grown children
the-old-are-put-away	kin	aged,children	The old are handed between their children, or put away	old are put away by their families	the old are put away by their families
the-old-are-put-away	kin	aged,children	The old are handed between their children, or put away	young neglect elder unto death	the young neglect an elder unto death
the-old-give-way-to-the-young	kin	aged,young	The old step aside, or are stepped past, for the young	old chase what age has taken	the old chase what age has taken
the-old-give-way-to-the-young	kin	aged,young	The old step aside, or are stepped past, for the young	old give their lives for young	the old give their lives for the young
the-old-give-way-to-the-young	kin	aged,young	The old step aside, or are stepped past, for the young	old make way for young	the old make way for the young
the-old-give-way-to-the-young	kin	aged,young	The old step aside, or are stepped past, for the young	young depart leaving old behind	the young depart leaving the old behind
the-old-give-way-to-the-young	kin	aged,young	The old step aside, or are stepped past, for the young	young fight to keep old place	the young fight to keep an old place
the-old-order-outlives-its-reason	power	enforcing,bound	An old rule is enforced after the reason for it has gone	elder s belief is imposed on family	an elder's belief is imposed on the family
the-old-order-outlives-its-reason	power	enforcing,bound	An old rule is enforced after the reason for it has gone	elders refuse what one of them has promised	elders refuse what one of them has promised
the-old-order-outlives-its-reason	power	enforcing,bound	An old rule is enforced after the reason for it has gone	old hold young to their rules	the old hold the young to their rules
the-old-order-outlives-its-reason	power	enforcing,bound	An old rule is enforced after the reason for it has gone	old order outlives reason for it	an old order outlives the reason for it
the-old-order-outlives-its-reason	power	enforcing,bound	An old rule is enforced after the reason for it has gone	yesterday s obedience becomes today s crime	yesterday's obedience becomes today's crime
the-one-entrusted-keeps-it	exchange	entrusting,keeping	The thing given into someone's keeping is not given back	friend appropriates what another was building	a friend appropriates what another was building
the-one-entrusted-keeps-it	exchange	entrusting,keeping	The thing given into someone's keeping is not given back	friend is entrusted with what he wants	a friend is entrusted with what he wants
the-one-entrusted-keeps-it	exchange	entrusting,keeping	The thing given into someone's keeping is not given back	one partner keeps what both of them made	one partner keeps what both of them made
the-one-entrusted-keeps-it	exchange	entrusting,keeping	The thing given into someone's keeping is not given back	stranger keeps what was entrusted to him	a stranger keeps what was entrusted to him
the-one-in-power-punishes-his-own-instrument	power	leader,instrument	The leader turns on the person he depends on	leader punishes one he depends on	a leader punishes the one he depends on
the-one-in-power-punishes-his-own-instrument	power	leader,instrument	The leader turns on the person he depends on	one is punished to make others obey	one is punished to make the others obey
the-one-in-power-punishes-his-own-instrument	power	leader,instrument	The leader turns on the person he depends on	betrayer is thrown to those he served	a betrayer is thrown to those he served
the-one-in-power-punishes-his-own-instrument	power	leader,instrument	The leader turns on the person he depends on	man is hated for serving those above	a man is hated for serving those above
the-one-in-power-punishes-his-own-instrument	power	leader,instrument	The leader turns on the person he depends on	one who serves is excluded	the one who serves is excluded
the-one-set-to-protect-does-the-harm	power	protecting,harmed	The harm comes from the person appointed to prevent it	child is harmed by its protector	a child is harmed by its protector
the-one-set-to-protect-does-the-harm	power	protecting,harmed	The harm comes from the person appointed to prevent it	one sent to heal becomes harm	the one sent to heal becomes the harm
the-one-set-to-protect-does-the-harm	power	protecting,harmed	The harm comes from the person appointed to prevent it	someone endangers what he means to protect	someone endangers what he means to protect
the-one-set-to-protect-does-the-harm	power	protecting,harmed	The harm comes from the person appointed to prevent it	child is lost through parent s haste	a child is lost through a parent's haste
the-one-set-to-protect-does-the-harm	power	protecting,harmed	The harm comes from the person appointed to prevent it	guardian steals from one he guards	a guardian steals from the one he guards
the-one-set-to-protect-does-the-harm	power	protecting,harmed	The harm comes from the person appointed to prevent it	guardian takes child he should protect	a guardian takes the child he should protect
the-one-set-to-protect-does-the-harm	power	protecting,harmed	The harm comes from the person appointed to prevent it	man s recklessness maims person beside him	a man's recklessness maims the person beside him
the-one-set-to-protect-does-the-harm	power	protecting,harmed	The harm comes from the person appointed to prevent it	old man fails to protect boy	an old man fails to protect a boy
the-one-set-to-protect-does-the-harm	power	protecting,harmed	The harm comes from the person appointed to prevent it	one entrusted with safety is danger	the one entrusted with safety is the danger
the-one-set-to-protect-does-the-harm	power	protecting,harmed	The harm comes from the person appointed to prevent it	one parent s gentleness leaves children unprotected	one parent's gentleness leaves the children unprotected
the-one-set-to-protect-does-the-harm	power	protecting,harmed	The harm comes from the person appointed to prevent it	one protecting is one causing harm	the one protecting is the one causing harm
the-one-set-to-protect-does-the-harm	power	protecting,harmed	The harm comes from the person appointed to prevent it	protectors are ones doing harm	the protectors are the ones doing the harm
the-one-set-to-protect-does-the-harm	power	protecting,harmed	The harm comes from the person appointed to prevent it	rescuer wounds person being rescued	a rescuer wounds the person being rescued
the-one-who-saw-is-not-believed	truth	telling,disbelieving	The person telling the truth is the one nobody credits	one is not believed about being harmed	one is not believed about being harmed
the-one-who-saw-is-not-believed	truth	telling,disbelieving	The person telling the truth is the one nobody credits	one person sees what nobody else will believe	one person sees what nobody else will believe
the-one-who-saw-is-not-believed	truth	telling,disbelieving	The person telling the truth is the one nobody credits	one telling truth is disbelieved	the one telling the truth is disbelieved
the-one-who-saw-is-not-believed	truth	telling,disbelieving	The person telling the truth is the one nobody credits	person s accurate fear is treated as illness	a person's accurate fear is treated as illness
the-one-who-saw-is-not-believed	truth	telling,disbelieving	The person telling the truth is the one nobody credits	one is humored as mad and proves right	one is humored as mad and proves right
the-one-who-saw-is-not-believed	truth	telling,disbelieving	The person telling the truth is the one nobody credits	one naming danger is called mad	the one naming the danger is called mad
the-one-who-saw-is-not-believed	truth	telling,disbelieving	The person telling the truth is the one nobody credits	truth from known liar is dismissed	the truth from a known liar is dismissed
the-one-who-saw-is-not-believed	truth	telling,disbelieving	The person telling the truth is the one nobody credits	what someone plainly sees is denied by everyone	what someone plainly sees is denied by everyone
the-only-witness-is-removed	violence	witness,silencing	The person who could tell is killed before telling	man is killed for what he knows	a man is killed for what he knows
the-only-witness-is-removed	violence	witness,silencing	The person who could tell is killed before telling	whoever learns secret dies before telling it	whoever learns the secret dies before telling it
the-only-witness-is-removed	violence	witness,silencing	The person who could tell is killed before telling	betrayer ruins only possible witness	a betrayer ruins the only possible witness
the-only-witness-is-removed	violence	witness,silencing	The person who could tell is killed before telling	innocent is killed to keep secret	an innocent is killed to keep a secret
the-only-witness-is-removed	violence	witness,silencing	The person who could tell is killed before telling	only witness dies before he can speak	the only witness dies before he can speak
the-only-witness-is-removed	violence	witness,silencing	The person who could tell is killed before telling	someone is killed to keep past quiet	someone is killed to keep the past quiet
the-only-witness-is-removed	violence	witness,silencing	The person who could tell is killed before telling	threat to tell is answered with killing	a threat to tell is answered with killing
the-only-witness-is-removed	violence	witness,silencing	The person who could tell is killed before telling	victim leaves sign naming killer	a victim leaves a sign naming the killer
the-order-is-refused	power	ordering,refusing	The order arrives and is not carried out	friend is killed for refusing to join	a friend is killed for refusing to join
the-order-is-refused	power	ordering,refusing	The order arrives and is not carried out	man refuses to accept his side lost	a man refuses to accept his side lost
the-order-is-refused	power	ordering,refusing	The order arrives and is not carried out	man refuses to keep doing his duty	a man refuses to keep doing his duty
the-order-is-refused	power	ordering,refusing	The order arrives and is not carried out	order is quietly not carried out	an order is quietly not carried out
the-order-is-refused	power	ordering,refusing	The order arrives and is not carried out	those ordered to kill refuse order	those ordered to kill refuse the order
the-parent-asks-to-be-forgiven	kin	asking,withholding	The one who did the harm asks the one harmed for release	absent parent asks to be forgiven	an absent parent asks to be forgiven
the-parent-asks-to-be-forgiven	kin	asking,withholding	The one who did the harm asks the one harmed for release	father asks his son to forgive him	a father asks his son to forgive him
the-parent-asks-to-be-forgiven	kin	asking,withholding	The one who did the harm asks the one harmed for release	forgiveness is refused to one asking	forgiveness is refused to the one asking
the-parent-asks-to-be-forgiven	kin	asking,withholding	The one who did the harm asks the one harmed for release	offer of repentance comes too late	an offer of repentance comes too late
the-parent-asks-to-be-forgiven	kin	asking,withholding	The one who did the harm asks the one harmed for release	parent confesses old failing	a parent confesses an old failing
the-parent-asks-to-be-forgiven	kin	asking,withholding	The one who did the harm asks the one harmed for release	parent pleads for child he abandoned	a parent pleads for the child he abandoned
the-parent-asks-to-be-forgiven	kin	asking,withholding	The one who did the harm asks the one harmed for release	wrong is admitted too late to punish	a wrong is admitted too late to punish
the-place-returned-to-is-gone	identity	returning,changed	The person returns and the place they left no longer exists	someone returns to place they left	someone returns to the place they left
the-place-returned-to-is-gone	identity	returning,changed	The person returns and the place they left no longer exists	man is returned to what he fled	a man is returned to what he fled
the-place-returned-to-is-gone	identity	returning,changed	The person returns and the place they left no longer exists	man returns to home he fled	a man returns to the home he fled
the-place-returned-to-is-gone	identity	returning,changed	The person returns and the place they left no longer exists	place someone was running to is gone	the place someone was running to is gone
the-place-returned-to-is-gone	identity	returning,changed	The person returns and the place they left no longer exists	someone returns home to find it gone	someone returns home to find it gone
the-place-returned-to-is-gone	identity	returning,changed	The person returns and the place they left no longer exists	they return to home made strange	they return to a home made strange
the-plea-cannot-be-made-audible	power	pleading,not-hearing	The person has the words and cannot get them heard	man cannot make anyone hear his distress	a man cannot make anyone hear his distress
the-plea-cannot-be-made-audible	power	pleading,not-hearing	The person has the words and cannot get them heard	child listens without being able to answer	a child listens without being able to answer
the-plea-cannot-be-made-audible	power	pleading,not-hearing	The person has the words and cannot get them heard	man cannot say what he feels aloud	a man cannot say what he feels aloud
the-plea-cannot-be-made-audible	power	pleading,not-hearing	The person has the words and cannot get them heard	one must leave home in order to speak	one must leave home in order to speak
the-plea-cannot-be-made-audible	power	pleading,not-hearing	The person has the words and cannot get them heard	plea is heard as its opposite	a plea is heard as its opposite
the-plea-cannot-be-made-audible	power	pleading,not-hearing	The person has the words and cannot get them heard	someone is rejected for being unable to speak	someone is rejected for being unable to speak
the-powerful-take-what-is-not-theirs	power	taking,dispossessed	Those with force take what belongs to people who cannot refuse	justice is sold to stronger side	justice is sold to the stronger side
the-powerful-take-what-is-not-theirs	power	taking,dispossessed	Those with force take what belongs to people who cannot refuse	powerful man demands what is not his	a powerful man demands what is not his
the-powerful-take-what-is-not-theirs	power	taking,dispossessed	Those with force take what belongs to people who cannot refuse	outsiders strip both sides equally	outsiders strip both sides equally
the-powerful-take-what-is-not-theirs	power	taking,dispossessed	Those with force take what belongs to people who cannot refuse	outsiders take wealth from land others live on	outsiders take wealth from land others live on
the-powerful-take-what-is-not-theirs	power	taking,dispossessed	Those with force take what belongs to people who cannot refuse	people are driven from their home for profit	people are driven from their home for profit
the-powerful-take-what-is-not-theirs	power	taking,dispossessed	Those with force take what belongs to people who cannot refuse	poor are made to pay twice	the poor are made to pay twice
the-powerful-take-what-is-not-theirs	power	taking,dispossessed	Those with force take what belongs to people who cannot refuse	poor are sold what cannot be owned	the poor are sold what cannot be owned
the-powerful-take-what-is-not-theirs	power	taking,dispossessed	Those with force take what belongs to people who cannot refuse	strong take from weak by force	the strong take from the weak by force
the-powerful-take-what-is-not-theirs	power	taking,dispossessed	Those with force take what belongs to people who cannot refuse	what one man sells another holds sacred	what one man sells another holds sacred
the-protector-hands-the-protected-over	power	guarding,delivered	The guardian delivers the person in their keeping	trusted helper wants thing he guards	a trusted helper wants the thing he guards
the-protector-hands-the-protected-over	power	guarding,delivered	The guardian delivers the person in their keeping	one entrusted with it took it himself	the one entrusted with it took it himself
the-protector-hands-the-protected-over	power	guarding,delivered	The guardian delivers the person in their keeping	only helper hands person over	the only helper hands the person over
the-protector-hands-the-protected-over	power	guarding,delivered	The guardian delivers the person in their keeping	protector must deliver one protected	a protector must deliver the one protected
the-protector-hands-the-protected-over	power	guarding,delivered	The guardian delivers the person in their keeping	protector sells person he protects	a protector sells the person he protects
the-protector-hands-the-protected-over	power	guarding,delivered	The guardian delivers the person in their keeping	someone profits from people they later protect	someone profits from people they later protect
the-quarrel-passes-down-the-generations	kin	ancestor,inheritor	A wrong is inherited and paid by people who did not commit it	ancestor s crime binds living descendant	an ancestor's crime binds a living descendant
the-quarrel-passes-down-the-generations	kin	ancestor,inheritor	A wrong is inherited and paid by people who did not commit it	debt binds family for generations	a debt binds a family for generations
the-quarrel-passes-down-the-generations	kin	ancestor,inheritor	A wrong is inherited and paid by people who did not commit it	debts of dead fall on living	debts of the dead fall on the living
the-quarrel-passes-down-the-generations	kin	ancestor,inheritor	A wrong is inherited and paid by people who did not commit it	living repeat crime of dead	the living repeat a crime of the dead
the-search-was-staged-by-its-object	truth	staging,searching	The emergency was arranged by the person it is about	one being sought arranged search	the one being sought arranged the search
the-search-was-staged-by-its-object	truth	staging,searching	The emergency was arranged by the person it is about	rescuer secretly arranged danger	the rescuer secretly arranged the danger
the-search-was-staged-by-its-object	truth	staging,searching	The emergency was arranged by the person it is about	someone invents emergency to keep another close	someone invents an emergency to keep another close
the-secret-becomes-a-hold	power	holding,held	A secret is converted into leverage over the person it belongs to	advancement is offered in exchange for silence	advancement is offered in exchange for silence
the-secret-becomes-a-hold	power	holding,held	A secret is converted into leverage over the person it belongs to	keeper of secret is quietly threatened	the keeper of a secret is quietly threatened
the-secret-becomes-a-hold	power	holding,held	A secret is converted into leverage over the person it belongs to	lover threatens to tell what was hidden	a lover threatens to tell what was hidden
the-secret-becomes-a-hold	power	holding,held	A secret is converted into leverage over the person it belongs to	one demands payment for silence	one demands payment for silence
the-secret-becomes-a-hold	power	holding,held	A secret is converted into leverage over the person it belongs to	secret becomes hold over someone	a secret becomes a hold over someone
the-secret-becomes-a-hold	power	holding,held	A secret is converted into leverage over the person it belongs to	secret is sold back to its owner	a secret is sold back to its owner
the-secret-becomes-a-hold	power	holding,held	A secret is converted into leverage over the person it belongs to	secret is used to extract money	a secret is used to extract money
the-secret-becomes-a-hold	power	holding,held	A secret is converted into leverage over the person it belongs to	someone is blackmailed into betraying his companions	someone is blackmailed into betraying his companions
the-son-breaks-with-the-fathers-cause	kin	son,father	The child breaks publicly with what the father stood for	child is turned against parent	a child is turned against a parent
the-son-breaks-with-the-fathers-cause	kin	son,father	The child breaks publicly with what the father stood for	son turns against his father s cause	a son turns against his father's cause
the-son-breaks-with-the-fathers-cause	kin	son,father	The child breaks publicly with what the father stood for	son turns against his father s world	a son turns against his father's world
the-son-breaks-with-the-fathers-cause	kin	son,father	The child breaks publicly with what the father stood for	young live off what they denounce	the young live off what they denounce
the-son-takes-up-the-fathers-work	kin	successor,predecessor	The child takes up the work the father could not finish	one takes on what another was to do	one takes on what another was to do
the-son-takes-up-the-fathers-work	kin	successor,predecessor	The child takes up the work the father could not finish	son surpasses father at his work	the son surpasses the father at his work
the-son-takes-up-the-fathers-work	kin	successor,predecessor	The child takes up the work the father could not finish	son takes up what his father cannot	a son takes up what his father cannot
the-son-takes-up-the-fathers-work	kin	successor,predecessor	The child takes up the work the father could not finish	son wants what his father has	a son wants what his father has
the-son-takes-up-the-fathers-work	kin	successor,predecessor	The child takes up the work the father could not finish	those left behind continue another s unfinished work	those left behind continue another's unfinished work
the-stranger-does-what-kin-will-not	bond	stranger,needing,withholding	A stranger supplies the care the family withholds	mourner is comforted by strangers not intimates	a mourner is comforted by strangers not intimates
the-stranger-does-what-kin-will-not	bond	stranger,needing,withholding	A stranger supplies the care the family withholds	stranger gives what those closest could not	a stranger gives what those closest could not
the-stranger-does-what-kin-will-not	bond	stranger,needing,withholding	A stranger supplies the care the family withholds	deliverance is sought from near stranger	deliverance is sought from a near stranger
the-stranger-does-what-kin-will-not	bond	stranger,needing,withholding	A stranger supplies the care the family withholds	someone looks for mother in stranger	someone looks for a mother in a stranger
the-stranger-does-what-kin-will-not	bond	stranger,needing,withholding	A stranger supplies the care the family withholds	stranger gives care family withholds	a stranger gives the care family withholds
the-stranger-does-what-kin-will-not	bond	stranger,needing,withholding	A stranger supplies the care the family withholds	stranger hears what spouse never heard	a stranger hears what a spouse never heard
the-stranger-does-what-kin-will-not	bond	stranger,needing,withholding	A stranger supplies the care the family withholds	stranger reaches someone no one else could	a stranger reaches someone no one else could
the-stranger-does-what-kin-will-not	bond	stranger,needing,withholding	A stranger supplies the care the family withholds	stranger s word succeeds where parent s fails	a stranger's word succeeds where a parent's fails
the-stranger-does-what-kin-will-not	bond	stranger,needing,withholding	A stranger supplies the care the family withholds	stranger will not leave solitary alone	a stranger will not leave the solitary alone
the-strong-hound-the-weakest	violence	hounding,hounded	The group takes its condition out on the one least able to resist	men kill strangers in order to eat	men kill strangers in order to eat
the-strong-hound-the-weakest	violence	hounding,hounded	The group takes its condition out on the one least able to resist	people pay for right to strike another	people pay for the right to strike another
the-strong-hound-the-weakest	violence	hounding,hounded	The group takes its condition out on the one least able to resist	starving kill weakest among them	the starving kill the weakest among them
the-strong-hound-the-weakest	violence	hounding,hounded	The group takes its condition out on the one least able to resist	strangers take out defeat on bystander	strangers take out a defeat on a bystander
the-strong-hound-the-weakest	violence	hounding,hounded	The group takes its condition out on the one least able to resist	those suffering are watched as if inhuman	those suffering are watched as if inhuman
the-strong-hound-the-weakest	violence	hounding,hounded	The group takes its condition out on the one least able to resist	weaker man goads stronger one fatally	a weaker man goads a stronger one fatally
the-strong-hound-the-weakest	violence	hounding,hounded	The group takes its condition out on the one least able to resist	weaker party attacks instead of withdrawing	the weaker party attacks instead of withdrawing
the-substitute-lives-the-other-life	identity	substitute,displaced	One person occupies another's identity and lives it	impostor lives another s life better	an impostor lives another's life better
the-substitute-lives-the-other-life	identity	substitute,displaced	One person occupies another's identity and lives it	man is offered another man s life	a man is offered another man's life
the-substitute-lives-the-other-life	identity	substitute,displaced	One person occupies another's identity and lives it	new life is held in another s name	a new life is held in another's name
the-substitute-lives-the-other-life	identity	substitute,displaced	One person occupies another's identity and lives it	one man keeps another s family in his absence	one man keeps another's family in his absence
the-substitute-lives-the-other-life	identity	substitute,displaced	One person occupies another's identity and lives it	person is made to live another s life	a person is made to live another's life
the-substitute-lives-the-other-life	identity	substitute,displaced	One person occupies another's identity and lives it	spouse appears to other in disguise	a spouse appears to the other in disguise
the-substitute-lives-the-other-life	identity	substitute,displaced	One person occupies another's identity and lives it	stranger is hired to pose as family	a stranger is hired to pose as family
the-substitute-lives-the-other-life	identity	substitute,displaced	One person occupies another's identity and lives it	two people become hard to tell apart	two people become hard to tell apart
the-survivor-is-made-to-relive-it	power	survivor,audience	The survivor is made to perform their ordeal again for others	private torment becomes public entertainment	a private torment becomes a public entertainment
the-survivor-is-made-to-relive-it	power	survivor,audience	The survivor is made to perform their ordeal again for others	ordeal is replayed for audience	an ordeal is replayed for an audience
the-survivor-is-made-to-relive-it	power	survivor,audience	The survivor is made to perform their ordeal again for others	survivor is made to re enact his ordeal	a survivor is made to re-enact his ordeal
the-survivor-is-made-to-relive-it	power	survivor,audience	The survivor is made to perform their ordeal again for others	survivor is pressed to remember what happened	a survivor is pressed to remember what happened
the-survivor-is-made-to-relive-it	power	survivor,audience	The survivor is made to perform their ordeal again for others	witness is pressed to relive what happened	a witness is pressed to relive what happened
the-survivor-is-made-to-relive-it	power	survivor,audience	The survivor is made to perform their ordeal again for others	witness records suffering he cannot stop	a witness records suffering he cannot stop
the-survivor-keeps-faith-with-the-dead	death	survivor,dead	The survivor holds to an obligation nobody else can see	survivor keeps faith with dead	a survivor keeps faith with the dead
the-survivor-keeps-faith-with-the-dead	death	survivor,dead	The survivor holds to an obligation nobody else can see	dead are spoken for by survivor	the dead are spoken for by the survivor
the-survivor-keeps-faith-with-the-dead	death	survivor,dead	The survivor holds to an obligation nobody else can see	dying ask to lie beside their dead	the dying ask to lie beside their dead
the-survivor-keeps-faith-with-the-dead	death	survivor,dead	The survivor holds to an obligation nobody else can see	mourner is ashamed of beginning to forget	a mourner is ashamed of beginning to forget
the-survivor-keeps-faith-with-the-dead	death	survivor,dead	The survivor holds to an obligation nobody else can see	someone returns to count missing	someone returns to count the missing
the-survivor-keeps-faith-with-the-dead	death	survivor,dead	The survivor holds to an obligation nobody else can see	someone wants dead parent to be proud	someone wants a dead parent to be proud
the-teacher-and-the-one-taught	kin	teaching,taught	A craft is handed down and the successor overtakes the source	someone sees gift in overlooked person	someone sees a gift in an overlooked person
the-teacher-and-the-one-taught	kin	teaching,taught	A craft is handed down and the successor overtakes the source	elder teaches young one his craft	an elder teaches a young one his craft
the-teacher-and-the-one-taught	kin	teaching,taught	A craft is handed down and the successor overtakes the source	one he trained takes his place	the one he trained takes his place
the-teacher-and-the-one-taught	kin	teaching,taught	A craft is handed down and the successor overtakes the source	those who taught appear beside those who learned	those who taught appear beside those who learned
the-trap-closes-on-the-one-who-set-it	truth	scheming,intended	The scheme returns on its author	attacker is destroyed by one attacked	an attacker is destroyed by the one attacked
the-trap-closes-on-the-one-who-set-it	truth	scheming,intended	The scheme returns on its author	deception closes on one deceiving	a deception closes on the one deceiving
the-trap-closes-on-the-one-who-set-it	truth	scheming,intended	The scheme returns on its author	lesson given is turned against giver	a lesson given is turned against the giver
the-trap-closes-on-the-one-who-set-it	truth	scheming,intended	The scheme returns on its author	man is ruined by his own desire	a man is ruined by his own desire
the-trap-closes-on-the-one-who-set-it	truth	scheming,intended	The scheme returns on its author	plot to kill turns on its plotter	a plot to kill turns on its plotter
the-trap-closes-on-the-one-who-set-it	truth	scheming,intended	The scheme returns on its author	rule is broken by its own maker	a rule is broken by its own maker
the-trap-closes-on-the-one-who-set-it	truth	scheming,intended	The scheme returns on its author	trap is sprung on its own maker	a trap is sprung on its own maker
the-trap-closes-on-the-one-who-set-it	truth	scheming,intended	The scheme returns on its author	trickster is tricked by greater power	a trickster is tricked by a greater power
the-unattached-improvise-a-bond	bond	stray,stray	People with no one left assemble a family out of strangers	only family available is criminal one	the only family available is a criminal one
the-unattached-improvise-a-bond	bond	stray,stray	People with no one left assemble a family out of strangers	people with no place left gather together	people with no place left gather together
the-unattached-improvise-a-bond	bond	stray,stray	People with no one left assemble a family out of strangers	shared danger returns two people to each other	shared danger returns two people to each other
the-unattached-improvise-a-bond	bond	stray,stray	People with no one left assemble a family out of strangers	strangers improvise family they lack	strangers improvise the family they lack
the-unattached-improvise-a-bond	bond	stray,stray	People with no one left assemble a family out of strangers	two damaged people find each other	two damaged people find each other
the-unattached-improvise-a-bond	bond	stray,stray	People with no one left assemble a family out of strangers	two people alone together share no language	two people alone together share no language
the-unattached-improvise-a-bond	bond	stray,stray	People with no one left assemble a family out of strangers	two strangers share same fear of dying	two strangers share the same fear of dying
the-unattached-improvise-a-bond	bond	stray,stray	People with no one left assemble a family out of strangers	two survivors of separate losses pair up	two survivors of separate losses pair up
the-unattached-improvise-a-bond	bond	stray,stray	People with no one left assemble a family out of strangers	two with nothing keep each other alive	two with nothing keep each other alive
the-verdict-precedes-the-hearing	power	judging,judged	The judgement is settled before the case is heard	accusation is believed over accused	an accusation is believed over the accused
the-verdict-precedes-the-hearing	power	judging,judged	The judgement is settled before the case is heard	accused denies it to very end	the accused denies it to the very end
the-verdict-precedes-the-hearing	power	judging,judged	The judgement is settled before the case is heard	innocent is presumed guilty by all	the innocent is presumed guilty by all
the-verdict-precedes-the-hearing	power	judging,judged	The judgement is settled before the case is heard	verdict is settled before hearing begins	the verdict is settled before the hearing begins
the-verdict-precedes-the-hearing	power	judging,judged	The judgement is settled before the case is heard	accusation is never withdrawn	an accusation is never withdrawn
the-verdict-precedes-the-hearing	power	judging,judged	The judgement is settled before the case is heard	appointed authorities cannot answer question	the appointed authorities cannot answer the question
the-verdict-precedes-the-hearing	power	judging,judged	The judgement is settled before the case is heard	one is accused repeatedly without any evidence	one is accused repeatedly without any evidence
the-verdict-precedes-the-hearing	power	judging,judged	The judgement is settled before the case is heard	one man appoints himself judge of everyone	one man appoints himself judge of everyone
the-verdict-precedes-the-hearing	power	judging,judged	The judgement is settled before the case is heard	person may answer only yes or no	a person may answer only yes or no
the-verdict-precedes-the-hearing	power	judging,judged	The judgement is settled before the case is heard	someone is condemned before being heard	someone is condemned before being heard
the-verdict-precedes-the-hearing	power	judging,judged	The judgement is settled before the case is heard	unnamed accuser cannot be confronted	an unnamed accuser cannot be confronted
the-verdict-precedes-the-hearing	power	judging,judged	The judgement is settled before the case is heard	vague accusation lands on guilty conscience	a vague accusation lands on a guilty conscience
the-wage-is-withheld	exchange	working,withholding	The work is done and the payment does not come	payment is refused after work is done	payment is refused after the work is done
the-wage-is-withheld	exchange	working,withholding	The work is done and the payment does not come	purchased promise is not kept	a purchased promise is not kept
the-wage-is-withheld	exchange	working,withholding	The work is done and the payment does not come	agreement is honoured by one side only	an agreement is honoured by one side only
the-wage-is-withheld	exchange	working,withholding	The work is done and the payment does not come	fruit of work belongs to another	the fruit of work belongs to another
the-wage-is-withheld	exchange	working,withholding	The work is done and the payment does not come	opportunity is withdrawn for lack of money	an opportunity is withdrawn for lack of money
the-wage-is-withheld	exchange	working,withholding	The work is done and the payment does not come	promise of payment is never kept	a promise of payment is never kept
the-wage-is-withheld	exchange	working,withholding	The work is done and the payment does not come	promised payment turns out to be worthless	a promised payment turns out to be worthless
the-warning-is-not-heeded	truth	warning,ignoring	A warning is delivered plainly and acted on too late	warning goes unheeded	a warning goes unheeded
the-warning-is-not-heeded	truth	warning,ignoring	A warning is delivered plainly and acted on too late	warning is delivered and not believed	a warning is delivered and not believed
the-warning-is-not-heeded	truth	warning,ignoring	A warning is delivered plainly and acted on too late	advice is sought then ignored	advice is sought then ignored
the-warning-is-not-heeded	truth	warning,ignoring	A warning is delivered plainly and acted on too late	everyone waits for harm already done	everyone waits for a harm already done
the-warning-is-not-heeded	truth	warning,ignoring	A warning is delivered plainly and acted on too late	lovers proceed despite warning of consequences	lovers proceed despite a warning of consequences
the-warning-is-not-heeded	truth	warning,ignoring	A warning is delivered plainly and acted on too late	one warning of danger later abandons them	the one warning of danger later abandons them
the-warning-is-not-heeded	truth	warning,ignoring	A warning is delivered plainly and acted on too late	warning is not believed in time	a warning is not believed in time
the-warning-is-not-heeded	truth	warning,ignoring	A warning is delivered plainly and acted on too late	warning reaches people unwilling to act	a warning reaches people unwilling to act
the-warning-is-not-heeded	truth	warning,ignoring	A warning is delivered plainly and acted on too late	wife asks her husband to stop fighting	a wife asks her husband to stop fighting
the-watcher-is-changed-by-watching	truth	watching,watched	Watching another person alters the watcher and what is watched	one watching changes what is watched	the one watching changes what is watched
the-watcher-is-changed-by-watching	truth	watching,watched	Watching another person alters the watcher and what is watched	one studying is captured by studied	the one studying is captured by the studied
the-watcher-is-changed-by-watching	truth	watching,watched	Watching another person alters the watcher and what is watched	stranger watches someone unable to see him	a stranger watches someone unable to see him
the-watcher-is-changed-by-watching	truth	watching,watched	Watching another person alters the watcher and what is watched	watcher falls for one watched	the watcher falls for the one watched
the-watcher-is-changed-by-watching	truth	watching,watched	Watching another person alters the watcher and what is watched	watcher moves into home he watches	a watcher moves into the home he watches
the-way-out-is-refused	bond	offering,refusing	A way out is opened and the person will not take it	man refuses easier life offered him	a man refuses the easier life offered him
the-way-out-is-refused	bond	offering,refusing	A way out is opened and the person will not take it	one offered way out refuses it	one offered a way out refuses it
the-way-out-is-refused	bond	offering,refusing	A way out is opened and the person will not take it	man refuses escape to return to her	a man refuses escape to return to her
the-way-out-is-refused	bond	offering,refusing	A way out is opened and the person will not take it	man turns back at final moment	a man turns back at the final moment
the-way-out-is-refused	bond	offering,refusing	A way out is opened and the person will not take it	offer of rescue is refused	an offer of rescue is refused
the-way-out-is-refused	bond	offering,refusing	A way out is opened and the person will not take it	one refuses rescue another has arranged	one refuses the rescue another has arranged
the-welcomed-guest-ruins-the-house	bond	host,guest	Hospitality is repaid by the guest taking everything	hospitality is answered with ruin	hospitality is answered with ruin
the-welcomed-guest-ruins-the-house	bond	host,guest	Hospitality is repaid by the guest taking everything	returning family member wrecks household	a returning family member wrecks the household
the-welcomed-guest-ruins-the-house	bond	host,guest	Hospitality is repaid by the guest taking everything	stranger asked for help takes everything	a stranger asked for help takes everything
the-welcomed-guest-ruins-the-house	bond	host,guest	Hospitality is repaid by the guest taking everything	stranger claims kinship to be taken in	a stranger claims kinship to be taken in
the-welcomed-guest-ruins-the-house	bond	host,guest	Hospitality is repaid by the guest taking everything	welcomed stranger betrays trust given	a welcomed stranger betrays the trust given
the-welcomed-guest-ruins-the-house	bond	host,guest	Hospitality is repaid by the guest taking everything	welcomed stranger takes advantage of trust	a welcomed stranger takes advantage of trust
the-witness-will-not-speak	truth	witness,harmed	The one who saw keeps silent	witness keeps silent about what he saw	a witness keeps silent about what he saw
the-witness-will-not-speak	truth	witness,harmed	The one who saw keeps silent	child is sworn to silence by threat	a child is sworn to silence by threat
the-witness-will-not-speak	truth	witness,harmed	The one who saw keeps silent	only witness refuses to speak against him	the only witness refuses to speak against him
the-witness-will-not-speak	truth	witness,harmed	The one who saw keeps silent	person is sworn to conceal crime	a person is sworn to conceal a crime
the-witness-will-not-speak	truth	witness,harmed	The one who saw keeps silent	witness is asked to shield wrongdoer	a witness is asked to shield the wrongdoer
the-work-consumes-the-life	exchange	working,consumed	The work takes the life it was supposed to support	man cannot keep work he finds	a man cannot keep the work he finds
the-work-consumes-the-life	exchange	working,consumed	The work takes the life it was supposed to support	man cannot become what he expected	a man cannot become what he expected
the-work-consumes-the-life	exchange	working,consumed	The work takes the life it was supposed to support	man outlives use of his skill	a man outlives the use of his skill
the-work-consumes-the-life	exchange	working,consumed	The work takes the life it was supposed to support	man takes work against his own kind	a man takes work against his own kind
the-work-consumes-the-life	exchange	working,consumed	The work takes the life it was supposed to support	man takes work beneath him for family	a man takes work beneath him for family
the-work-consumes-the-life	exchange	working,consumed	The work takes the life it was supposed to support	old work reclaims someone trying to leave it	old work reclaims someone trying to leave it
the-work-consumes-the-life	exchange	working,consumed	The work takes the life it was supposed to support	one is given work others refuse	one is given the work others refuse
the-work-consumes-the-life	exchange	working,consumed	The work takes the life it was supposed to support	parent s work competes with returning child	a parent's work competes with a returning child
the-work-consumes-the-life	exchange	working,consumed	The work takes the life it was supposed to support	person is defined by work already abandoned	a person is defined by work already abandoned
the-work-consumes-the-life	exchange	working,consumed	The work takes the life it was supposed to support	person loses belief in his own work	a person loses belief in his own work
the-work-consumes-the-life	exchange	working,consumed	The work takes the life it was supposed to support	work destroys love at home	the work destroys the love at home
the-wrong-person-is-blamed	truth	blaming,blamed	The blame is fixed on someone who did not do it	crime is pinned on innocent person	a crime is pinned on an innocent person
the-wrong-person-is-blamed	truth	blaming,blamed	The blame is fixed on someone who did not do it	guilty pin their blame on powerless	the guilty pin their blame on the powerless
the-wrong-person-is-blamed	truth	blaming,blamed	The blame is fixed on someone who did not do it	innocent is accused to save oneself	an innocent is accused to save oneself
the-wrong-person-is-blamed	truth	blaming,blamed	The blame is fixed on someone who did not do it	man is condemned for another s crime	a man is condemned for another's crime
the-wrong-person-is-blamed	truth	blaming,blamed	The blame is fixed on someone who did not do it	wrong person is punished for another s act	the wrong person is punished for another's act
the-wrong-person-is-blamed	truth	blaming,blamed	The blame is fixed on someone who did not do it	blame falls on wrong person	blame falls on the wrong person
the-wrong-person-is-blamed	truth	blaming,blamed	The blame is fixed on someone who did not do it	dead are blamed to protect living	the dead are blamed to protect the living
the-wrong-person-is-blamed	truth	blaming,blamed	The blame is fixed on someone who did not do it	helper is blamed for harm done	a helper is blamed for the harm done
the-wrong-person-is-blamed	truth	blaming,blamed	The blame is fixed on someone who did not do it	man is suspected of friend s murder	a man is suspected of a friend's murder
the-wrong-person-is-blamed	truth	blaming,blamed	The blame is fixed on someone who did not do it	one person is punished for another s crime	one person is punished for another's crime
the-wrong-person-is-blamed	truth	blaming,blamed	The blame is fixed on someone who did not do it	refusal is blamed for death	a refusal is blamed for a death
the-wrong-person-is-blamed	truth	blaming,blamed	The blame is fixed on someone who did not do it	someone is blamed for what they show others	someone is blamed for what they show others
the-wrong-person-is-blamed	truth	blaming,blamed	The blame is fixed on someone who did not do it	wrong is pinned on most convenient person	a wrong is pinned on the most convenient person
the-wronged-one-spares-the-other	violence	wronged,spared	The person entitled to the reprisal declines it	wronged one chooses to spare other	the wronged one chooses to spare the other
the-wronged-one-spares-the-other	violence	wronged,spared	The person entitled to the reprisal declines it	betrayal is forgiven by one betrayed	a betrayal is forgiven by the one betrayed
the-wronged-one-spares-the-other	violence	wronged,spared	The person entitled to the reprisal declines it	death in one house shames quarrel	a death in one house shames the quarrel
the-wronged-one-spares-the-other	violence	wronged,spared	The person entitled to the reprisal declines it	mercy is shown to wrong person	mercy is shown to the wrong person
the-wronged-one-spares-the-other	violence	wronged,spared	The person entitled to the reprisal declines it	one dissuaded saves dissuader	the one dissuaded saves the dissuader
the-wronged-one-spares-the-other	violence	wronged,spared	The person entitled to the reprisal declines it	pity disarms plot against someone	pity disarms a plot against someone
the-wronged-one-spares-the-other	violence	wronged,spared	The person entitled to the reprisal declines it	wrongdoer must beg forgiveness of his victim	a wrongdoer must beg forgiveness of his victim
the-wronged-one-spares-the-other	violence	wronged,spared	The person entitled to the reprisal declines it	wronged spouse forgives too readily	a wronged spouse forgives too readily
the-young-are-spent-for-the-old	power	spending,spent	The young are expended for a purpose that is not theirs	elder makes young carry his past	an elder makes the young carry his past
the-young-are-spent-for-the-old	power	spending,spent	The young are expended for a purpose that is not theirs	least valued are sent to die first	the least valued are sent to die first
the-young-are-spent-for-the-old	power	spending,spent	The young are expended for a purpose that is not theirs	young are left with nothing to do	the young are left with nothing to do
the-young-are-spent-for-the-old	power	spending,spent	The young are expended for a purpose that is not theirs	young are spent for their elders politics	the young are spent for their elders' politics
those-led-turn-on-the-one-leading	power	led,leading	Those below withdraw the authority they were lending	authority is defied by someone with nothing	authority is defied by someone with nothing
those-led-turn-on-the-one-leading	power	led,leading	Those below withdraw the authority they were lending	one man argues against everyone in authority	one man argues against everyone in authority
those-led-turn-on-the-one-leading	power	led,leading	Those below withdraw the authority they were lending	one refuses to flatter those with power	one refuses to flatter those with power
those-led-turn-on-the-one-leading	power	led,leading	Those below withdraw the authority they were lending	ruled overthrow one commanding them	the ruled overthrow the one commanding them
those-led-turn-on-the-one-leading	power	led,leading	Those below withdraw the authority they were lending	someone below moves against someone above	someone below moves against someone above
those-led-turn-on-the-one-leading	power	led,leading	Those below withdraw the authority they were lending	those led turn against one leading them	those led turn against the one leading them
union-forbidden-by-elders	kin	forbidding,forbidden	Elders forbid or break the union the young want	father keeps his daughter from other men	a father keeps his daughter from other men
union-forbidden-by-elders	kin	forbidding,forbidden	Elders forbid or break the union the young want	guardian forbids young one lover	a guardian forbids the young one a lover
union-forbidden-by-elders	kin	forbidding,forbidden	Elders forbid or break the union the young want	two lovers are refused permission to marry	two lovers are refused permission to marry
union-forbidden-by-elders	kin	forbidding,forbidden	Elders forbid or break the union the young want	elders forbid marriage	elders forbid a marriage
union-forbidden-by-elders	kin	forbidding,forbidden	Elders forbid or break the union the young want	elders keep two lovers apart by deception	elders keep two lovers apart by deception
union-forbidden-by-elders	kin	forbidding,forbidden	Elders forbid or break the union the young want	loyalty to elder outweighs love	loyalty to an elder outweighs a love
union-forbidden-by-elders	kin	forbidding,forbidden	Elders forbid or break the union the young want	one person forbids another to love	one person forbids another to love
union-forbidden-by-elders	kin	forbidding,forbidden	Elders forbid or break the union the young want	parent objects to child s chosen partner	a parent objects to a child's chosen partner
union-forbidden-by-elders	kin	forbidding,forbidden	Elders forbid or break the union the young want	parent s hostility ends child s romance	a parent's hostility ends a child's romance
union-forbidden-by-elders	kin	forbidding,forbidden	Elders forbid or break the union the young want	two families forbid marriage their children want	two families forbid the marriage their children want
union-forbidden-by-elders	kin	forbidding,forbidden	Elders forbid or break the union the young want	vow to community outweighs child	a vow to the community outweighs a child
used-then-discarded	power	using,used	A person is kept exactly as long as they are useful	someone is discarded once no longer useful	someone is discarded once no longer useful
used-then-discarded	power	using,used	A person is kept exactly as long as they are useful	backer abandons one he raised up	a backer abandons the one he raised up
used-then-discarded	power	using,used	A person is kept exactly as long as they are useful	helper is left behind after being used	a helper is left behind after being used
used-then-discarded	power	using,used	A person is kept exactly as long as they are useful	institution discards one who served it	an institution discards the one who served it
used-then-discarded	power	using,used	A person is kept exactly as long as they are useful	loyalty is withdrawn after promotion is denied	loyalty is withdrawn after a promotion is denied
used-then-discarded	power	using,used	A person is kept exactly as long as they are useful	man is used without being told why	a man is used without being told why
used-then-discarded	power	using,used	A person is kept exactly as long as they are useful	person becomes inconvenience to be removed	a person becomes an inconvenience to be removed
used-then-discarded	power	using,used	A person is kept exactly as long as they are useful	someone is wanted only for being useful	someone is wanted only for being useful
used-then-discarded	power	using,used	A person is kept exactly as long as they are useful	institution disowns man it sent	an institution disowns the man it sent
used-then-discarded	power	using,used	A person is kept exactly as long as they are useful	leader saves himself abandoning his followers	a leader saves himself abandoning his followers
used-then-discarded	power	using,used	A person is kept exactly as long as they are useful	lifetime of service ends in dismissal	a lifetime of service ends in dismissal
used-then-discarded	power	using,used	A person is kept exactly as long as they are useful	person is used without being told why	a person is used without being told why
used-then-discarded	power	using,used	A person is kept exactly as long as they are useful	rescue proves to be another use	a rescue proves to be another use
used-then-discarded	power	using,used	A person is kept exactly as long as they are useful	someone is exalted then discarded without explanation	someone is exalted then discarded without explanation
used-then-discarded	power	using,used	A person is kept exactly as long as they are useful	someone is saved only to be destroyed later	someone is saved only to be destroyed later
used-then-discarded	power	using,used	A person is kept exactly as long as they are useful	someone learns how easily they would be discarded	someone learns how easily they would be discarded
virtue-is-turned-against-the-one-who-has-it	truth	decent,exploiting	Decency is read as weakness or as pretence and used	man s own virtue is turned against him	a man's own virtue is turned against him
virtue-is-turned-against-the-one-who-has-it	truth	decent,exploiting	Decency is read as weakness or as pretence and used	goodness is taken for foolishness by everyone	goodness is taken for foolishness by everyone
virtue-is-turned-against-the-one-who-has-it	truth	decent,exploiting	Decency is read as weakness or as pretence and used	person s kindness is read as pretence	a person's kindness is read as pretence
war-severs-what-it-touches	violence	parted,parted	The war ends and what it separated does not come back together	women are left behind by departing men	the women are left behind by departing men
war-severs-what-it-touches	violence	parted,parted	The war ends and what it separated does not come back together	one side must wait to be chosen	one side must wait to be chosen
war-severs-what-it-touches	violence	parted,parted	The war ends and what it separated does not come back together	two lovers choose to die together	two lovers choose to die together
war-severs-what-it-touches	violence	parted,parted	The war ends and what it separated does not come back together	victory leaves winners with nothing	a victory leaves the winners with nothing
war-severs-what-it-touches	violence	parted,parted	The war ends and what it separated does not come back together	war ends without lovers uniting	the war ends without the lovers uniting
what-one-holds-the-others-need	exchange	holding,needing	Each party holds the thing the other cannot do without	one hoards what another would give to all	one hoards what another would give to all
what-one-holds-the-others-need	exchange	holding,needing	Each party holds the thing the other cannot do without	weak withhold what strong need	the weak withhold what the strong need
what-one-holds-the-others-need	exchange	holding,needing	Each party holds the thing the other cannot do without	stranger demands back what was taken	a stranger demands back what was taken
what-one-holds-the-others-need	exchange	holding,needing	Each party holds the thing the other cannot do without	two rivals each need what other holds	two rivals each need what the other holds
what-was-made-turns-on-its-maker	identity	maker,made	The thing brought into being destroys the one who made it	creature destroys one who created it	a creature destroys the one who created it
what-was-made-turns-on-its-maker	identity	maker,made	The thing brought into being destroys the one who made it	made thing refuses its given purpose	a made thing refuses its given purpose
what-was-made-turns-on-its-maker	identity	maker,made	The thing brought into being destroys the one who made it	maker refuses what his creation asks	a maker refuses what his creation asks
what-was-made-turns-on-its-maker	identity	maker,made	The thing brought into being destroys the one who made it	freed one destroys liberator	the freed one destroys the liberator
what-was-made-turns-on-its-maker	identity	maker,made	The thing brought into being destroys the one who made it	maker is questioned by curious visitors	a maker is questioned by curious visitors
what-was-made-turns-on-its-maker	identity	maker,made	The thing brought into being destroys the one who made it	man makes people meant to obey him	a man makes people meant to obey him
what-was-made-turns-on-its-maker	identity	maker,made	The thing brought into being destroys the one who made it	one lifted up is later destroyed	the one lifted up is later destroyed
what-was-made-turns-on-its-maker	identity	maker,made	The thing brought into being destroys the one who made it	what was made turns upon its maker	what was made turns upon its maker
yoked-to-someone-unbearable	bond	bound,bound	Two are bound to a shared undertaking neither can leave	collaboration is held together by threats	a collaboration is held together by threats
yoked-to-someone-unbearable	bond	bound,bound	Two are bound to a shared undertaking neither can leave	pair set themselves against everyone else	a pair set themselves against everyone else
yoked-to-someone-unbearable	bond	bound,bound	Two are bound to a shared undertaking neither can leave	shut in together with no way out	shut in together with no way out
yoked-to-someone-unbearable	bond	bound,bound	Two are bound to a shared undertaking neither can leave	two bound together come to resent each other	two bound together come to resent each other
yoked-to-someone-unbearable	bond	bound,bound	Two are bound to a shared undertaking neither can leave	two men with opposite methods must work together	two men with opposite methods must work together
yoked-to-someone-unbearable	bond	bound,bound	Two are bound to a shared undertaking neither can leave	two people cannot work together nor apart	two people cannot work together nor apart
yoked-to-someone-unbearable	bond	bound,bound	Two are bound to a shared undertaking neither can leave	two people cut themselves off from everyone else	two people cut themselves off from everyone else
yoked-to-someone-unbearable	bond	bound,bound	Two are bound to a shared undertaking neither can leave	two people trapped together must finally speak	two people trapped together must finally speak
