qid	title	year	reach	score	via
Q1144967	To Each His Own Cinema	2007	104	105.80	director:80 composer:13 screenwriter:11 cast:22
Q1348974	No Regrets for Our Youth	1946	61	61.35	director:18 cinematographer:9 editor:15 screenwriter:19 cast:15
Q2005041	The Bad Sleep Well	1960	59	60.45	director:18 editor:15 composer:7 screenwriter:19 cast:25
Q418809	Dreams	1990	60	59.95	director:18 cinematographer:6 editor:15 composer:2 screenwriter:19 cast:15
Q2296238	One Wonderful Sunday	1947	61	58.10	director:18 cinematographer:9 editor:15 screenwriter:19 cast:2
Q1543027	Madadayo	1993	60	57.95	director:18 cinematographer:6 editor:15 composer:2 screenwriter:19 cast:7
Q660874	Rhapsody in August	1991	60	57.45	director:18 cinematographer:6 editor:15 composer:2 screenwriter:19 cast:5
Q1212729	The World's Most Beautiful Swindlers	1964	54	56.35	director:14 cinematographer:26 screenwriter:14 cast:15
Q977372	New York Stories	1989	55	54.10	director:18 cinematographer:20 editor:9 composer:2 screenwriter:6 cast:4
Q2296227	Sanshiro Sugata Part II	1945	54	51.90	director:18 cinematographer:1 editor:15 composer:1 screenwriter:19 cast:6
Q610158	The Men Who Tread on the Tiger's Tail	1945	53	51.85	director:18 cinematographer:1 editor:15 screenwriter:19 cast:9
Q768966	Beyond the Clouds	1995	50	48.80	director:15 cinematographer:8 editor:9 screenwriter:18 cast:6
Q47482560	The Boy and the Heron	2023	53	47.90	director:10 cinematographer:5 editor:14 composer:13 screenwriter:11
Q2273270	I Live in Fear	1955	46	46.90	director:18 cinematographer:9 composer:7 screenwriter:12 cast:14
Q750117	Intolerable Cruelty	2003	50	46.25	director:12 cinematographer:10 editor:6 composer:12 screenwriter:10 cast:1
Q18516636	Hail, Caesar!	2016	48	46.20	director:12 cinematographer:10 editor:4 composer:12 screenwriter:10 cast:8
Q2297993	Scandal	1950	46	45.30	director:18 composer:9 screenwriter:19 cast:12
Q592902	All These Women	1964	47	44.60	director:15 cinematographer:13 composer:5 screenwriter:14
Q83739	The Ladykillers	2004	48	44.20	director:12 cinematographer:10 editor:4 composer:12 screenwriter:10
Q507285	Lumière and Company	1995	43	43.80	director:37 composer:6 cast:8
Q7735260	The French as Seen By...	1988	45	43.40	director:29 screenwriter:16
Q694762	After the Rehearsal	1984	44	42.65	director:15 cinematographer:13 editor:2 screenwriter:14 cast:1
Q664532	Germany in Autumn	1978	44	42.60	director:7 cinematographer:12 editor:9 composer:9 screenwriter:7 cast:8
Q313998	The Hudsucker Proxy	1994	45	42.25	director:12 cinematographer:10 editor:1 composer:12 screenwriter:10 cast:3
Q388846	Face to Face	1976	43	41.90	director:15 cinematographer:13 composer:1 screenwriter:14 cast:2
Q705893	The Serpent's Egg	1977	42	41.85	director:15 cinematographer:13 screenwriter:14 cast:5
Q1651543	The Magic Flute	1975	43	41.65	director:15 cinematographer:13 composer:1 screenwriter:14 cast:1
Q260365	The Passion of Anna	1969	42	41.10	director:15 cinematographer:13 screenwriter:14 cast:2
Q677912	From the Life of the Marionettes	1980	42	41.10	director:15 cinematographer:13 screenwriter:14 cast:2
Q974427	The Touch	1971	42	40.85	director:15 cinematographer:13 screenwriter:14 cast:1
Q318827	Sawdust and Tinsel	1953	42	40.60	director:15 cinematographer:13 screenwriter:14
Q1187530	The Rite	1969	42	40.60	director:15 cinematographer:13 screenwriter:14
Q154581	Gangs of New York	2002	42	40.60	director:11 cinematographer:8 editor:9 composer:11 screenwriter:3 cast:8
Q18401	Love in the City	1953	42	39.70	director:15 cinematographer:4 editor:6 screenwriter:17
Q2625031	A Woman Is a Woman	1961	40	39.55	director:8 cinematographer:11 editor:7 composer:6 screenwriter:8 cast:9
Q1078890	The Magician	1958	41	38.80	director:15 cinematographer:4 editor:3 composer:5 screenwriter:14 cast:2
Q2005033	The Quiet Duel	1949	38	38.65	director:18 composer:1 screenwriter:19 cast:11
Q425669	Summer Interlude	1951	41	38.55	director:15 cinematographer:4 editor:3 composer:5 screenwriter:14 cast:1
Q1078811	Secrets of Women	1952	41	38.55	director:15 cinematographer:4 editor:3 composer:5 screenwriter:14 cast:1
Q472390	The Wrong Man	1956	41	38.50	director:15 cinematographer:9 editor:8 composer:8 screenwriter:1
Q1742092	Eros	2004	39	38.35	director:15 composer:5 screenwriter:19 cast:9
Q428617	The Devil's Eye	1960	41	38.30	director:15 cinematographer:4 editor:3 composer:5 screenwriter:14
Q737055	Cosmopolis	2012	40	37.80	director:8 cinematographer:6 editor:8 composer:11 screenwriter:7 cast:6
Q1990204	The Most Beautiful	1944	38	37.65	director:18 composer:1 screenwriter:19 cast:7
Q381731	Burn After Reading	2008	39	37.55	director:12 cinematographer:7 editor:6 composer:12 screenwriter:2 cast:7
Q18409	Boccaccio '70	1962	40	36.75	director:9 cinematographer:6 editor:4 composer:10 screenwriter:11 cast:1
Q1513195	M. Butterfly	1993	40	36.55	director:8 cinematographer:6 editor:8 composer:11 screenwriter:7 cast:1
Q37342034	The Ballad of Buster Scruggs	2018	39	36.45	director:12 cinematographer:1 editor:4 composer:12 screenwriter:10 cast:5
Q84693711	The Tragedy of Macbeth	2021	39	36.45	director:12 cinematographer:1 editor:4 composer:12 screenwriter:10 cast:5
Q463907	To Joy	1950	38	36.40	director:15 cinematographer:4 editor:3 composer:2 screenwriter:14 cast:2
Q1141100	Saraband	2003	39	36.05	director:15 editor:2 composer:8 screenwriter:14 cast:1
Q955101	The Flavor of Green Tea over Rice	1952	35	35.60	director:11 cinematographer:7 composer:7 screenwriter:10 cast:12
Q32433	Lincoln	2012	37	35.25	director:10 cinematographer:5 editor:8 composer:13 screenwriter:1 cast:7
Q2739665	Late Autumn	1960	31	34.75	director:11 cinematographer:7 editor:1 composer:2 screenwriter:10 cast:21
Q2870474	Land of Silence and Darkness	1971	38	34.70	director:10 cinematographer:3 editor:7 composer:8 screenwriter:10
Q646389	Hook	1991	38	34.65	director:10 cinematographer:5 editor:8 composer:13 screenwriter:2 cast:1
Q472361	Amistad	1997	37	34.50	director:10 cinematographer:5 editor:8 composer:13 screenwriter:1 cast:4
Q1108471	Port of Call	1948	36	34.30	director:15 cinematographer:4 editor:3 screenwriter:14
Q182373	Indiana Jones and the Kingdom of the Crystal Skull	2008	37	34.25	director:10 cinematographer:5 editor:8 composer:13 screenwriter:1 cast:3
Q126683577	Disclosure Day	2026	37	34.25	director:10 cinematographer:5 editor:8 composer:13 screenwriter:1 cast:3
Q1211737	The Bride Wore Black	1968	35	34.15	director:6 cinematographer:11 editor:2 composer:8 screenwriter:8 cast:7
Q672061	Passion	1982	33	34.15	director:8 cinematographer:11 editor:1 composer:2 screenwriter:11 cast:11
Q1647641	Made in U.S.A	1966	34	34.00	director:8 cinematographer:11 editor:7 screenwriter:8 cast:6
Q646031	The Last Temptation of Christ	1988	33	34.00	director:11 cinematographer:8 editor:9 composer:1 screenwriter:4 cast:10
Q310617	Paris, je t'aime	2006	32	34.00	director:17 screenwriter:15 cast:14
Q30203425	The Post	2017	36	33.85	director:10 cinematographer:5 editor:8 composer:13 cast:5
Q200873	The Lost World: Jurassic Park	1997	37	33.75	director:10 cinematographer:5 editor:8 composer:13 screenwriter:1 cast:1
Q202028	War of the Worlds	2005	37	33.50	director:10 cinematographer:5 editor:8 composer:13 screenwriter:1
Q19689203	The BFG	2016	37	33.50	director:10 cinematographer:5 editor:8 composer:13 screenwriter:1
Q208108	Catch Me If You Can	2002	36	33.35	director:10 cinematographer:5 editor:8 composer:13 cast:3
Q218589	War Horse	2011	36	33.35	director:10 cinematographer:5 editor:8 composer:13 cast:3
Q916870	Early Spring	1956	30	33.35	director:11 cinematographer:7 composer:2 screenwriter:10 cast:19
Q185658	Indiana Jones and the Last Crusade	1989	36	33.20	director:10 cinematographer:1 editor:8 composer:13 screenwriter:4 cast:4
Q1413227	The Trouble with Harry	1955	35	33.10	director:15 cinematographer:9 composer:8 screenwriter:3
Q2364856	Six in Paris	1965	33	33.05	director:12 cinematographer:9 screenwriter:12 cast:5
Q18067135	Bridge of Spies	2015	34	33.00	director:10 cinematographer:5 editor:8 composer:1 screenwriter:10 cast:4
Q318766	The Terminal	2004	36	32.85	director:10 cinematographer:5 editor:8 composer:13 cast:1
Q3258662	Far from Vietnam	1967	33	32.65	director:18 cinematographer:4 screenwriter:11 cast:3
Q697115	Wrong Move	1975	33	32.65	director:8 cinematographer:7 editor:8 composer:3 screenwriter:7 cast:7
Q980041	The Adventures of Tintin	2011	36	32.60	director:10 cinematographer:5 editor:8 composer:13
Q944291	Kundun	1997	34	32.40	director:11 cinematographer:10 editor:9 composer:3 screenwriter:1
Q378838	The Oldest Profession	1967	32	32.25	director:8 editor:3 composer:6 screenwriter:15 cast:13
Q2426670	Tokyo Twilight	1957	28	32.25	director:11 cinematographer:7 screenwriter:10 cast:21
Q124352605	Honey Don't!	2025	35	32.15	director:11 editor:2 composer:12 screenwriter:10 cast:3
Q179215	Indiana Jones and the Temple of Doom	1984	35	31.80	director:10 cinematographer:1 editor:8 composer:13 screenwriter:3 cast:2
Q201924	The Aviator	2004	33	31.80	director:11 cinematographer:1 editor:9 composer:11 screenwriter:1 cast:8
Q207482	1941	1979	33	31.75	director:10 cinematographer:1 editor:8 composer:13 screenwriter:1 cast:9
Q2897042	The Great Ecstasy of Woodcarver Steiner	1974	33	31.70	director:10 cinematographer:3 editor:7 composer:3 screenwriter:10 cast:4
Q1392744	The Wolf of Wall Street	2013	34	31.65	director:11 cinematographer:3 editor:9 composer:11 cast:3
Q265203	Dreams	1955	34	31.60	director:15 composer:5 screenwriter:14
Q18423	Roma	1972	34	31.60	director:8 cinematographer:2 editor:4 composer:10 screenwriter:10 cast:4
Q222633	Stimulantia	1967	33	31.60	director:15 cinematographer:4 screenwriter:14
Q638848	In the Presence of a Clown	1997	33	31.50	director:15 editor:2 composer:2 screenwriter:14 cast:2
Q3235681	The Munekata Sisters	1950	29	31.50	director:11 editor:1 composer:7 screenwriter:10 cast:20
Q2364668	The Scarlet Letter	1973	33	31.40	director:8 cinematographer:7 editor:8 composer:3 screenwriter:7 cast:2
Q18415	Spirits of the Dead	1968	32	31.40	director:9 cinematographer:2 composer:10 screenwriter:11 cast:10
Q18403	Il bidone	1955	34	31.30	director:8 cinematographer:4 editor:2 composer:10 screenwriter:10 cast:2
Q1091145	The Three Faces	1965	33	31.25	director:7 cinematographer:6 editor:6 screenwriter:14 cast:1
Q18429	Fellini's Casanova	1976	34	31.10	director:8 cinematographer:2 editor:4 composer:10 screenwriter:10 cast:2
Q18418	Fellini: A Director's Notebook	1969	34	30.85	director:8 cinematographer:2 editor:4 composer:10 screenwriter:10 cast:1
Q2897051	La Soufrière	1977	32	30.85	director:10 cinematographer:4 editor:7 composer:1 screenwriter:10 cast:3
Q232217	Two or Three Things I Know About Her	1967	31	30.85	director:8 cinematographer:11 editor:2 composer:2 screenwriter:8 cast:5
Q2142377	Woyzeck	1979	30	30.80	director:10 cinematographer:3 editor:7 screenwriter:10 cast:10
Q18397	The White Sheik	1952	34	30.65	director:8 composer:10 screenwriter:16 cast:1
Q449743	Always	1989	34	30.65	director:10 cinematographer:1 editor:8 composer:13 screenwriter:2 cast:1
Q1113073	Signs of Life	1968	31	30.55	director:10 cinematographer:4 editor:7 screenwriter:10 cast:5
Q14369911	Maps to the Stars	2014	33	30.50	director:8 cinematographer:6 editor:8 composer:11 cast:2
Q640762	Invincible	2001	31	30.40	director:10 cinematographer:2 editor:2 composer:7 screenwriter:10 cast:8
Q117769481	Drive-Away Dolls	2024	33	30.35	director:11 composer:12 screenwriter:10 cast:3
Q206576	Hugo	2011	33	30.30	director:11 cinematographer:1 editor:9 composer:11 screenwriter:1 cast:2
Q2265591	Where the Green Ants Dream	1984	30	30.30	director:10 cinematographer:3 editor:7 screenwriter:10 cast:8
Q1066211	Crisis	1946	32	30.30	director:15 editor:3 screenwriter:14
Q1091180	A Lesson in Love	1954	32	30.30	director:15 editor:3 screenwriter:14
Q18437	And the Ship Sails On	1983	32	30.30	director:8 cinematographer:2 editor:4 screenwriter:18 cast:2
Q930777	Spider	2002	33	30.00	director:8 cinematographer:6 editor:8 composer:11
Q752017	Eastern Promises	2007	33	30.00	director:8 cinematographer:6 editor:8 composer:11
Q188159	A Dangerous Method	2011	33	30.00	director:8 cinematographer:6 editor:8 composer:11
Q3231270	The Carabineers	1963	31	29.95	director:8 cinematographer:11 composer:1 screenwriter:11 cast:1
Q739006	A Hen in the Wind	1948	28	29.75	director:11 cinematographer:7 screenwriter:10 cast:11
Q18431	Orchestra Rehearsal	1978	33	29.70	director:8 cinematographer:2 editor:4 composer:10 screenwriter:9
Q512247	I Confess	1953	31	29.70	director:15 cinematographer:9 editor:1 composer:6
Q568518	Love at Twenty	1962	29	29.60	director:8 cinematographer:13 editor:2 composer:6 cast:8
Q18421	The Clowns	1970	32	29.60	director:8 editor:4 composer:10 screenwriter:10 cast:4
Q271281	Empire of the Sun	1987	33	29.50	director:10 cinematographer:1 editor:8 composer:13 screenwriter:1
Q3752435	Brothers and Sisters of the Toda Family	1941	28	29.50	director:11 cinematographer:7 screenwriter:10 cast:10
Q1366562	There Was a Father	1942	28	29.50	director:11 cinematographer:7 screenwriter:10 cast:10
Q1219569	The Soft Skin	1964	30	29.35	director:6 cinematographer:11 composer:6 screenwriter:7 cast:5
Q107710009	The Fabelmans	2022	31	29.35	director:10 cinematographer:5 composer:13 screenwriter:3 cast:5
Q3023951	Last Words	1967	31	29.30	director:10 cinematographer:4 editor:7 screenwriter:10
Q4260034	The Flying Doctors of East Africa	1969	31	29.30	director:10 cinematographer:4 editor:7 screenwriter:10
Q18439	Ginger and Fred	1985	31	29.15	director:8 cinematographer:2 editor:3 screenwriter:18 cast:1
Q2266061	Fata Morgana	1970	31	29.10	director:10 cinematographer:3 editor:7 composer:1 screenwriter:10
Q1214343	The Crucified Lovers	1954	28	29.10	director:7 cinematographer:6 composer:9 screenwriter:6 cast:14
Q2641533	Beware of a Holy Whore	1971	28	29.00	director:5 cinematographer:8 editor:5 composer:5 screenwriter:5 cast:12
Q470916	The Color of Money	1986	30	28.95	director:11 cinematographer:8 editor:9 composer:2 cast:1
Q202326	The Godfather Part III	1990	31	28.90	director:7 cinematographer:5 editor:2 composer:12 screenwriter:5 cast:4
Q654154	Aria	1987	29	28.85	director:16 composer:1 screenwriter:12 cast:5
Q258389	Summer in the City	1970	30	28.75	director:8 cinematographer:7 editor:8 screenwriter:7 cast:1
Q1624365	Lightning Over Water	1980	30	28.55	director:12 cinematographer:1 editor:8 screenwriter:9 cast:1
Q185445	A Married Woman	1964	29	28.55	director:8 cinematographer:11 composer:2 screenwriter:8 cast:3
Q327427	Whity	1971	28	28.50	director:5 cinematographer:8 editor:5 composer:5 screenwriter:5 cast:10
Q432526	The Sugarland Express	1974	31	28.10	director:10 cinematographer:5 editor:1 composer:13 screenwriter:2
Q259831	It Rains on Our Love	1946	29	28.10	director:15 screenwriter:14 cast:2
Q761987	A Ship Bound for India	1947	29	27.85	director:15 screenwriter:14 cast:1
Q921612	Music in Darkness	1947	29	27.85	director:15 screenwriter:14 cast:1
Q572931	Prison	1948	29	27.85	director:15 screenwriter:14 cast:1
Q3283405	Piece of the Sky	1958	31	27.80	cinematographer:4 composer:10 screenwriter:17 cast:2
Q59783	The Decalogue	1989	27	27.65	director:7 cinematographer:5 editor:2 composer:6 screenwriter:7 cast:11
Q365028	Love and Anger	1969	29	27.65	director:9 cinematographer:2 editor:3 composer:3 screenwriter:12 cast:3
Q194726	From Up on Poppy Hill	2011	30	27.50	cinematographer:5 editor:14 screenwriter:11
Q1199284	Le Petit Soldat	1963	27	27.45	director:8 cinematographer:11 screenwriter:8 cast:5
Q552002	Ro.Go.Pa.G.	1963	28	27.40	director:9 cinematographer:4 editor:3 composer:1 screenwriter:11 cast:4
Q737650	My Blueberry Nights	2007	28	27.40	director:8 cinematographer:5 editor:6 composer:1 screenwriter:8 cast:4
Q466792	The Dead Zone	1983	29	27.25	director:8 cinematographer:3 editor:8 composer:2 screenwriter:8 cast:1
Q592300	My Best Fiend	1999	27	27.20	director:10 cinematographer:2 editor:2 composer:3 screenwriter:10 cast:8
Q2478879	La Chinoise	1967	27	27.20	director:8 cinematographer:11 screenwriter:8 cast:4
Q432102	Shine a Light	2008	27	27.05	director:11 cinematographer:15 composer:1 cast:1
Q2979315	Satan's Brew	1976	27	26.95	director:5 cinematographer:9 editor:3 composer:5 screenwriter:5 cast:7
Q563723	Cobra Verde	1987	27	26.90	director:10 cinematographer:4 composer:3 screenwriter:10 cast:6
Q1196157	The Godfather Saga	1977	29	26.80	director:7 cinematographer:5 editor:2 composer:10 screenwriter:5 cast:2
Q848388	Foreign Correspondent	1940	28	26.80	director:15 cinematographer:2 editor:2 composer:1 screenwriter:8
Q2351289	Le Amiche	1955	28	26.75	director:7 cinematographer:4 editor:6 composer:3 screenwriter:8 cast:3
Q610594	Il Grido	1957	28	26.75	director:7 cinematographer:4 editor:6 composer:3 screenwriter:8 cast:3
Q3055315	Private Confessions	1996	28	26.75	cinematographer:13 editor:1 screenwriter:14 cast:1
Q862905	A Geisha	1953	26	26.50	director:7 cinematographer:6 composer:7 screenwriter:6 cast:10
Q3964878	I Flunked, But...	1930	25	26.30	director:11 cinematographer:2 editor:2 screenwriter:10 cast:10
Q2052982	A Story of Floating Weeds	1934	25	26.30	director:11 cinematographer:2 editor:2 screenwriter:10 cast:10
Q47296	Family Plot	1976	29	26.30	director:15 composer:13 screenwriter:1
Q627975	Bed and Board	1970	27	26.25	director:6 cinematographer:4 editor:7 composer:3 screenwriter:7 cast:5
Q640036	Parash Pathar	1958	27	26.20	director:6 cinematographer:6 editor:6 composer:3 screenwriter:6 cast:4
Q175600	Don't Come Knocking	2005	28	26.15	director:8 cinematographer:1 editor:8 composer:2 screenwriter:9 cast:1
Q389911	The Brood	1979	29	26.10	director:8 cinematographer:3 composer:11 screenwriter:7
Q126652	Frantic	1988	27	26.10	director:6 cinematographer:1 editor:3 composer:9 screenwriter:8 cast:8
Q686125	Lili Marleen	1981	25	26.05	director:5 cinematographer:8 editor:2 composer:5 screenwriter:5 cast:11
Q485677	I'm a Cyborg, But That's OK	2006	27	26.05	director:6 cinematographer:4 editor:6 composer:5 screenwriter:6 cast:5
Q1188701	Thirst	1950	27	25.95	director:15 cinematographer:4 editor:3 composer:5 cast:1
Q3284902	Mother Küsters' Trip to Heaven	1975	26	25.95	director:5 cinematographer:8 editor:3 composer:5 screenwriter:5 cast:7
Q29057443	The Irishman	2019	26	25.85	director:11 cinematographer:3 editor:9 composer:2 screenwriter:1 cast:5
Q1961750	Chinese Roulette	1976	25	25.80	director:5 cinematographer:8 editor:2 composer:5 screenwriter:5 cast:10
Q2655835	Escape at Dawn	1950	28	25.80	composer:9 screenwriter:19 cast:6
Q258092	Tora! Tora! Tora!	1970	25	25.80	cinematographer:2 composer:4 screenwriter:19 cast:14
Q692367	The State of Things	1982	27	25.65	director:8 cinematographer:1 editor:8 composer:3 screenwriter:7 cast:3
Q599013	Bringing Out the Dead	1999	27	25.55	director:11 cinematographer:1 editor:9 composer:2 screenwriter:4 cast:1
Q2859045	After the Rain	1999	27	25.45	cinematographer:1 composer:7 screenwriter:19 cast:7
Q1191113	Hurricane	1979	27	25.35	cinematographer:13 editor:3 composer:10 screenwriter:1 cast:3
Q3073310	Flame of My Love	1949	24	25.30	director:7 screenwriter:17 cast:12
Q759324	Confidentially Yours	1983	24	25.00	director:6 cinematographer:4 editor:1 composer:6 screenwriter:7 cast:12
Q509567	Millennium Mambo	2001	26	24.90	director:5 cinematographer:5 editor:6 composer:5 screenwriter:5 cast:4
Q1511905	My Son, My Son, What Have Ye Done?	2009	25	24.85	director:10 cinematographer:2 editor:2 composer:1 screenwriter:10 cast:5
Q21027598	Salt and Fire	2016	25	24.85	director:10 cinematographer:2 editor:2 composer:1 screenwriter:10 cast:5
Q484291	Three... Extremes	2004	24	24.85	director:7 cinematographer:9 composer:1 screenwriter:7 cast:7
Q3548472	A Quiet Place in the Country	1968	28	24.85	director:1 cinematographer:2 editor:4 composer:9 screenwriter:12 cast:1
Q639628	Kanchanjangha	1962	25	24.85	director:6 cinematographer:6 editor:6 composer:1 screenwriter:6 cast:5
Q177438	Mahanagar	1963	25	24.85	director:6 cinematographer:6 editor:6 composer:1 screenwriter:6 cast:5
Q3208713	The Stationmaster's Wife	1977	25	24.80	director:5 cinematographer:8 editor:2 composer:5 screenwriter:5 cast:6
Q2259762	Images	1972	27	24.75	director:5 cinematographer:5 editor:1 composer:13 screenwriter:3 cast:3
Q657477	Faraway, So Close!	1993	24	24.75	director:8 cinematographer:1 editor:8 screenwriter:7 cast:9
Q3549471	The Woman in the Rumor	1954	25	24.70	director:7 cinematographer:6 composer:6 screenwriter:6 cast:6
Q2288599	Room 666	1982	24	24.70	director:8 cinematographer:1 composer:8 screenwriter:7 cast:12
Q2713325	Les Enfants Terribles	1950	26	24.55	director:6 cinematographer:6 composer:8 screenwriter:6 cast:3
Q22000542	Ready Player One	2018	25	24.55	director:10 cinematographer:5 editor:8 composer:2 cast:3
Q3020002	Caro Michele	1976	27	24.50	cinematographer:2 editor:4 composer:10 screenwriter:11 cast:4
Q163896	Fast Company	1979	26	24.50	director:8 cinematographer:3 editor:8 screenwriter:7
Q2550265	My Voyage to Italy	1999	26	24.50	director:11 editor:9 screenwriter:6
Q965249	Days of Youth	1929	23	24.50	director:11 cinematographer:2 screenwriter:10 cast:10
Q277281	Love on the Run	1979	25	24.40	director:6 cinematographer:4 editor:1 composer:6 screenwriter:8 cast:6
Q1168045	Mississippi Mermaid	1969	24	24.25	director:6 cinematographer:1 editor:7 composer:3 screenwriter:7 cast:9
Q7757496	The Pleasure Garden	1961	27	24.20	cinematographer:4 editor:4 composer:5 screenwriter:14
Q1171757	The 10th Victim	1965	26	24.15	director:1 cinematographer:4 editor:4 screenwriter:17 cast:1
Q18433	City of Women	1980	25	24.15	director:8 cinematographer:2 editor:4 composer:1 screenwriter:10 cast:3
Q2575227	Who's That Knocking at My Door	1967	25	24.10	director:11 editor:9 screenwriter:5 cast:2
Q639604	Nayak	1966	25	24.10	director:6 cinematographer:6 editor:6 composer:1 screenwriter:6 cast:2
Q936295	Princess Yang Kwei-Fei	1955	22	24.10	director:7 composer:9 screenwriter:6 cast:18
Q232091	Two English Girls	1971	25	23.90	director:6 cinematographer:4 editor:1 composer:6 screenwriter:8 cast:4
Q1183562	Decalogue V	1989	25	23.90	director:7 cinematographer:3 editor:2 composer:6 screenwriter:7 cast:4
Q497311	Spellbound	1945	25	23.90	director:15 cinematographer:1 editor:3 composer:2 screenwriter:4
Q1091856	This Can't Happen Here	1950	25	23.90	director:15 cinematographer:4 editor:1 composer:5
Q107883998	Crimes of the Future	2022	26	23.85	director:8 composer:11 screenwriter:7 cast:3
Q4004209	Woman of Tokyo	1933	22	23.85	director:11 cinematographer:2 screenwriter:9 cast:11
Q3205375	That Night's Wife	1930	25	23.80	director:11 cinematographer:2 editor:2 screenwriter:10
Q1049604	The Last Metro	1980	24	23.75	director:6 cinematographer:4 editor:1 composer:6 screenwriter:7 cast:7
Q1214819	Magnet of Doom	1963	24	23.70	director:6 cinematographer:6 composer:6 screenwriter:6 cast:6
Q476311	The Left-Handed Woman	1977	25	23.65	cinematographer:7 editor:8 composer:8 screenwriter:2 cast:5
Q117357033	The Shrouds	2024	26	23.60	director:8 composer:11 screenwriter:7 cast:2
Q1203742	As Tears Go By	1988	24	23.60	director:8 cinematographer:2 editor:6 screenwriter:8 cast:4
Q814288	Encounters at the End of the World	2007	24	23.55	director:10 cinematographer:2 editor:2 screenwriter:10 cast:3
Q15407746	Queen of the Desert	2015	24	23.55	director:10 cinematographer:2 editor:2 screenwriter:10 cast:3
Q929157	Fear and Desire	1953	25	23.50	director:11 cinematographer:1 composer:2 screenwriter:11
Q936477	Killer's Kiss	1955	25	23.50	director:11 cinematographer:1 composer:2 screenwriter:11
Q3276982	What Did the Lady Forget?	1937	23	23.50	director:11 cinematographer:2 screenwriter:10 cast:6
Q210364	Shutter Island	2010	23	23.45	director:11 cinematographer:1 editor:9 composer:2 cast:7
Q3983334	Voyage in Time	1983	25	23.40	director:7 cinematographer:2 screenwriter:16
Q1056704	I Vinti	1953	25	23.40	director:7 editor:6 composer:3 screenwriter:9 cast:2
Q637133	Ghosts of Rome	1961	26	23.35	cinematographer:2 editor:6 composer:10 screenwriter:8 cast:3
Q63643994	West Side Story	2021	24	23.35	director:10 cinematographer:5 editor:8 screenwriter:1 cast:1
Q167206	Pom Poko	1994	25	23.30	director:3 cinematographer:5 editor:14 screenwriter:3
Q1418326	My Neighbors the Yamadas	1999	25	23.30	director:3 cinematographer:5 editor:14 screenwriter:3
Q501995	Cape Fear	1991	24	23.20	director:11 cinematographer:2 editor:9 composer:2 cast:2
Q224004	Topaz	1969	23	23.15	director:15 editor:3 composer:3 screenwriter:2 cast:5
Q3010935	The Lady of Musashino	1951	22	23.10	director:7 composer:9 screenwriter:6 cast:14
Q451250	The End of Violence	1997	24	23.05	director:8 editor:8 composer:1 screenwriter:7 cast:3
Q703034	Palermo Shooting	2008	24	23.00	director:8 cinematographer:1 editor:8 screenwriter:7 cast:2
Q2053002	Tokyo Chorus	1931	23	23.00	director:11 cinematographer:2 editor:2 screenwriter:8 cast:4
Q689938	Hail Mary	1985	24	22.85	director:8 composer:8 screenwriter:8 cast:5
Q506638	The Paradine Case	1947	24	22.80	director:15 composer:3 screenwriter:6
Q983854	Little Dieter Needs to Fly	1997	24	22.80	director:10 cinematographer:2 editor:2 screenwriter:10
Q180706	Rescue Dawn	2006	24	22.80	director:10 cinematographer:2 editor:2 screenwriter:10
Q3007211	Into the Abyss	2011	24	22.80	director:10 cinematographer:2 editor:2 screenwriter:10
Q2260328	Identification of a Woman	1982	24	22.75	director:7 cinematographer:2 editor:1 screenwriter:14 cast:1
Q7232243	Portrait Werner Herzog	1986	23	22.75	director:10 cinematographer:3 screenwriter:10 cast:3
Q4020616	Wodaabe – Herdsmen of the Sun	1989	23	22.75	director:10 cinematographer:3 screenwriter:10 cast:3
Q640450	Doubt	2008	25	22.65	cinematographer:10 editor:4 composer:11 cast:1
Q3284269	Street Scenes	1970	23	22.60	director:11 cinematographer:3 editor:9 cast:2
Q287864	Miss Oyu	1951	22	22.60	director:7 composer:9 screenwriter:6 cast:12
Q3346013	Summer Clouds	1958	21	22.55	director:6 composer:7 screenwriter:8 cast:15
Q3208121	The Lady Without Camelias	1953	24	22.50	director:7 editor:6 composer:3 screenwriter:8 cast:2
Q1656341	I Only Want You To Love Me	1976	23	22.50	director:5 cinematographer:8 composer:5 screenwriter:5 cast:4
Q500403	The Fog	1980	24	22.45	director:8 cinematographer:5 composer:7 screenwriter:4 cast:1
Q3015372	The White Diamond	2004	23	22.35	director:10 editor:2 composer:1 screenwriter:10 cast:3
Q1080141	Industrial Symphony No. 1	1990	24	22.30	director:9 composer:7 screenwriter:8 cast:2
Q1752509	Hard Eight	1996	23	22.30	director:8 cinematographer:5 composer:2 screenwriter:8 cast:2
Q697070	The Time to Live and the Time to Die	1985	22	22.30	director:5 cinematographer:5 editor:6 screenwriter:6 cast:6
Q3758609	The Dark Glow of the Mountains	1984	23	22.15	director:10 composer:3 screenwriter:10 cast:3
Q1080629	Decalogue IX	1988	23	22.15	director:7 cinematographer:1 editor:2 composer:6 screenwriter:7 cast:5
Q317311	Un amour de Swann	1984	21	22.15	director:2 cinematographer:13 editor:3 screenwriter:3 cast:7
Q3222239	Portrait of Madame Yuki	1950	22	22.10	director:7 composer:9 screenwriter:6 cast:10
Q3231608	Bells from the Deep	1993	23	22.00	director:10 cinematographer:3 screenwriter:10
Q1080666	Decalogue IV	1988	23	21.90	director:7 cinematographer:1 editor:2 composer:6 screenwriter:7 cast:4
Q1080682	Decalogue II	1988	23	21.90	director:7 cinematographer:1 editor:2 composer:6 screenwriter:7 cast:4
Q3748858	Fortunella	1958	25	21.85	cinematographer:1 editor:4 composer:10 screenwriter:10 cast:1
Q1044883	The Outrage	1964	24	21.85	cinematographer:1 editor:1 composer:1 screenwriter:21 cast:1
Q15146380	Unbroken	2014	23	21.85	cinematographer:10 editor:1 composer:1 screenwriter:11 cast:1
Q1091234	The Palermo Connection	1990	25	21.80	cinematographer:2 editor:4 composer:9 screenwriter:10
Q694651	Lisbon Story	1994	23	21.75	director:8 editor:8 screenwriter:7 cast:1
Q2223821	Wheel of Time	2003	22	21.75	director:10 cinematographer:2 screenwriter:10 cast:3
Q21816277	Lo & Behold, Reveries of the Connected World	2016	22	21.75	director:10 cinematographer:2 screenwriter:10 cast:3
Q1962376	Despair	1978	21	21.70	director:5 cinematographer:8 editor:2 composer:5 screenwriter:1 cast:8
Q1080602	Decalogue III	1988	23	21.65	director:7 cinematographer:1 editor:2 composer:6 screenwriter:7 cast:3
Q1183564	Decalogue VI	1988	23	21.65	director:7 cinematographer:1 editor:2 composer:6 screenwriter:7 cast:3
Q628664	The Magnificent Ambersons	1942	23	21.65	director:3 cinematographer:7 editor:1 composer:8 screenwriter:4 cast:3
Q261546	Fahrenheit 451	1966	24	21.60	director:6 cinematographer:2 editor:1 composer:8 screenwriter:7
Q117085614	One Battle After Another	2025	23	21.60	director:8 cinematographer:1 editor:1 composer:5 screenwriter:8 cast:2
Q823767	Rio das Mortes	1970	22	21.55	director:5 editor:5 composer:5 screenwriter:7 cast:7
Q5652974	Happy People: A Year in the Taiga	2010	22	21.55	director:10 editor:2 screenwriter:10 cast:3
Q18395	Variety Lights	1950	22	21.50	director:8 cinematographer:4 screenwriter:10 cast:2
Q2637288	Those Who Make Tomorrow	1946	19	21.50	director:18 cinematographer:1 cast:10
Q1754723	The Confession	1970	19	21.50	director:1 cinematographer:11 editor:3 composer:3 screenwriter:1 cast:14
Q2550255	The Seven Deadly Sins	1962	18	21.50	director:10 cinematographer:8 cast:14
Q2222439	Story of a Love Affair	1950	23	21.35	director:7 editor:6 composer:3 screenwriter:7 cast:1
Q2296139	First Name: Carmen	1983	21	21.35	director:8 cinematographer:11 composer:2 cast:3
Q502091	Saboteur	1942	22	21.35	director:15 cinematographer:2 composer:4 screenwriter:1 cast:1
Q1170179	Lifeboat	1944	22	21.30	director:15 editor:2 screenwriter:5
Q711170	The Puppetmaster	1993	22	21.20	director:5 cinematographer:5 editor:6 composer:1 screenwriter:5 cast:2
Q1080638	Decalogue VII	1988	22	21.15	director:7 editor:2 composer:6 screenwriter:7 cast:5
Q1080701	Decalogue X	1989	22	21.15	director:7 editor:2 composer:6 screenwriter:7 cast:5
Q1509470	Suspicion	1941	22	21.10	director:15 cinematographer:1 composer:3 screenwriter:3
Q18441	Intervista	1987	22	21.05	director:8 cinematographer:2 editor:3 screenwriter:9 cast:1
Q18442	The Voice of the Moon	1990	22	21.05	director:8 cinematographer:2 editor:3 screenwriter:9 cast:1
Q2521659	Lola	1961	22	21.00	director:2 cinematographer:11 editor:1 composer:6 screenwriter:2 cast:2
Q506580	Dark Star	1974	23	20.90	director:8 cinematographer:1 composer:7 screenwriter:7
Q1080648	Decalogue VIII	1988	22	20.90	director:7 editor:2 composer:6 screenwriter:7 cast:4
Q221587	Frenzy	1972	21	20.90	director:15 cinematographer:5 screenwriter:1
Q17056634	Vendetta for a Samurai	1952	19	20.85	screenwriter:19 cast:15
Q129906152	No Other Choice	2025	23	20.80	director:6 editor:6 composer:5 screenwriter:6
Q847599	The Last Waltz	1978	21	20.80	director:11 cinematographer:8 screenwriter:2
Q23707679	Voyage of Time	2016	23	20.75	director:7 composer:9 screenwriter:7 cast:1
Q1431684	What Planet Are You From?	2000	23	20.65	director:1 cinematographer:8 editor:2 composer:12 cast:1
Q129044	Max, Mon Amour	1986	20	20.65	director:3 cinematographer:11 editor:1 screenwriter:5 cast:5
Q12130601	Song to Song	2017	21	20.55	director:7 cinematographer:7 screenwriter:7 cast:1
Q2789885	The Niklashausen Journey	1970	20	20.50	director:5 editor:5 composer:5 screenwriter:5 cast:10
Q777629	Presumed Innocent	1990	23	20.45	director:3 cinematographer:5 editor:1 composer:13 screenwriter:1 cast:1
Q3745755	Until the Day We Meet Again	1932	21	20.45	director:11 cinematographer:2 screenwriter:8 cast:1
Q575998	Decalogue I	1988	22	20.40	director:7 editor:2 composer:6 screenwriter:7 cast:2
Q473359	Martha	1974	19	20.40	director:5 cinematographer:8 screenwriter:6 cast:8
Q601013	Prince of Darkness	1987	22	20.35	director:8 cinematographer:2 editor:1 composer:7 screenwriter:4 cast:1
Q3787192	How Much Wood Would a Woodchuck Chuck	1976	21	20.30	director:10 cinematographer:4 editor:7
Q5575661	God's Angry Man	1981	21	20.30	director:10 cinematographer:4 editor:7
Q556967	Chaplin	1992	21	20.25	cinematographer:13 editor:2 composer:2 screenwriter:4 cast:1
Q1122571	The Unbearable Lightness of Being	1988	18	20.25	cinematographer:13 editor:1 screenwriter:4 cast:11
Q908628	Ocean Heaven	2010	22	20.15	cinematographer:9 composer:13 cast:3
Q3043392	Snow Trail	1947	20	20.15	composer:1 screenwriter:19 cast:9
Q1141727	Rob Roy	1995	22	20.10	cinematographer:10 composer:12 cast:2
Q786222	A Gentle Woman	1969	21	20.05	director:8 cinematographer:3 composer:2 screenwriter:8 cast:1
Q972787	Every Man for Himself	1980	21	20.05	director:8 cinematographer:1 editor:1 screenwriter:11 cast:1
Q5647428	Handicapped Future	1971	20	20.05	director:10 cinematographer:3 editor:7 cast:3
Q5367677	Japan's Longest Day	1967	15	20.05	composer:7 screenwriter:8 cast:29
Q1305672	Such a Gorgeous Kid Like Me	1972	21	20.00	director:6 cinematographer:1 editor:1 composer:6 screenwriter:7 cast:4
Q1117460	The Woman Next Door	1981	21	20.00	director:6 cinematographer:1 editor:1 composer:6 screenwriter:7 cast:4
Q3824288	Sword of Penitence	1927	21	20.00	director:11 screenwriter:10
Q1544085	Something to Talk About	1995	21	20.00	cinematographer:13 composer:7 screenwriter:1 cast:2
Q830191	Gods of the Plague	1969	20	20.00	director:5 editor:5 composer:5 screenwriter:5 cast:8
Q608079	The Castle of Cagliostro	1979	21	19.90	director:10 screenwriter:11
Q956293	Especially on Sunday	1991	22	19.85	cinematographer:2 editor:1 composer:9 screenwriter:10 cast:3
Q3061212	Eva	1948	22	19.80	editor:3 composer:5 screenwriter:14 cast:2
Q1764086	Paisà	1946	21	19.80	director:1 cinematographer:4 editor:6 composer:1 screenwriter:9 cast:2
Q64768559	Family Romance, LLC	2019	21	19.80	director:10 composer:1 screenwriter:10
Q166262	Batman Begins	2005	21	19.80	director:4 cinematographer:2 editor:3 composer:7 screenwriter:5 cast:4
Q189330	The Dark Knight Rises	2012	21	19.80	director:4 cinematographer:2 editor:3 composer:7 screenwriter:5 cast:4
Q23994919	Broker	2022	19	19.75	director:5 cinematographer:5 editor:4 composer:1 screenwriter:4 cast:7
Q3548172	Horse	1940	18	19.75	director:18 cast:7
Q3492144	Nel Segno di Roma	1958	20	19.70	director:7 editor:3 screenwriter:10 cast:4
Q1377566	Visions of Europe	2004	21	19.70	director:4 cinematographer:9 editor:3 composer:5
Q497005	Jamaica Inn	1939	20	19.70	director:15 cinematographer:2 screenwriter:3
Q21935651	Dunkirk	2017	20	19.65	director:4 cinematographer:2 editor:3 composer:7 screenwriter:4 cast:7
Q1198160	The Magic Mountain	1982	19	19.60	cinematographer:8 editor:8 composer:3 cast:8
Q1137213	Runaway Train	1985	22	19.60	composer:2 screenwriter:20
Q114819	Dune	1984	20	19.60	director:9 cinematographer:2 editor:1 screenwriter:8 cast:2
Q2607490	No End	1985	20	19.60	director:7 composer:6 screenwriter:7 cast:6
Q558280	The Third Generation	1979	18	19.55	director:5 cinematographer:1 editor:2 composer:5 screenwriter:5 cast:13
Q163872	The Dark Knight	2008	21	19.55	director:4 cinematographer:2 editor:3 composer:7 screenwriter:5 cast:3
Q916078	Blackmail	1929	20	19.50	director:15 screenwriter:5
Q3065021	Enjō	1958	18	19.50	director:3 cinematographer:6 composer:6 screenwriter:3 cast:12
Q680442	Lovers and Liars	1979	22	19.35	cinematographer:2 editor:4 composer:9 screenwriter:7 cast:1
Q3620669	Apocalypse Now Redux	2001	20	19.30	director:7 cinematographer:3 editor:2 composer:2 screenwriter:6 cast:2
Q677033	Dangerous Moves	1984	18	19.30	cinematographer:11 editor:7 cast:8
Q3208150	Dancing Girl	1951	19	19.25	director:6 composer:7 screenwriter:6 cast:9
Q261700	Ghosts of Mars	2001	21	19.20	director:8 cinematographer:2 composer:7 screenwriter:4
Q221842	Under Capricorn	1949	19	19.15	director:15 cinematographer:3 screenwriter:1 cast:1
Q3790964	I maniaci	1964	21	19.10	cinematographer:1 composer:9 screenwriter:11 cast:4
Q639620	Teen Kanya	1961	19	19.10	director:6 editor:6 composer:1 screenwriter:6 cast:6
Q15052432	Jag Mandir	1991	20	19.00	director:10 screenwriter:10
Q3010510	Goodbye South	1996	20	19.00	director:5 cinematographer:5 composer:5 screenwriter:5 cast:2
Q670964	Kids Return	1996	20	19.00	director:2 cinematographer:1 editor:2 composer:13 screenwriter:2 cast:8
Q961235	Brother	2000	20	19.00	director:2 cinematographer:1 editor:2 composer:13 screenwriter:2 cast:8
Q1724012	Glory to the Filmmaker!	2007	20	19.00	director:2 cinematographer:1 editor:2 composer:13 screenwriter:2 cast:8
Q481467	World on a Wire	1973	18	19.00	director:5 cinematographer:8 screenwriter:5 cast:6
Q510595	Secret Agent	1936	19	18.95	director:15 cinematographer:1 screenwriter:3 cast:1
Q1038530	Air Doll	2009	18	18.95	director:5 cinematographer:5 editor:4 screenwriter:4 cast:7
Q1145732	Sleepers	1996	21	18.90	cinematographer:8 composer:13 cast:2
Q1171341	The Green Room	1978	19	18.85	director:6 cinematographer:4 editor:1 screenwriter:8 cast:3
Q2551779	The Devil Probably	1977	20	18.80	director:8 cinematographer:2 composer:2 screenwriter:8
Q1326026	Tess	1979	20	18.80	director:6 cinematographer:4 editor:2 composer:2 screenwriter:6
Q2712128	Tokyo-Ga	1985	16	18.80	director:8 cinematographer:1 screenwriter:7 cast:14
Q1425639	Last Man Standing	1996	21	18.80	composer:1 screenwriter:20
Q1143329	Male Companion	1964	17	18.80	cinematographer:11 composer:6 cast:12
Q260208	Dolls	2002	20	18.75	director:2 cinematographer:1 editor:2 composer:13 screenwriter:2 cast:7
Q979231	Détective	1985	18	18.75	director:8 cinematographer:1 composer:1 screenwriter:8 cast:7
Q394816	Agnes of God	1985	20	18.70	cinematographer:13 editor:1 composer:6
Q2002001	Obsession	1976	21	18.70	director:1 cinematographer:5 editor:3 composer:8 screenwriter:4
Q500488	Sabotage	1936	19	18.70	director:15 cinematographer:1 screenwriter:3
Q498983	Young and Innocent	1937	19	18.70	director:15 cinematographer:1 screenwriter:3
Q223299	The Color Purple	1985	19	18.70	director:10 cinematographer:1 editor:8 cast:2
Q320574	Abhijan	1962	19	18.60	director:6 editor:6 composer:1 screenwriter:6 cast:4
Q6367390	Kapurush	1965	19	18.60	director:6 editor:6 composer:1 screenwriter:6 cast:4
Q3221967	Flesh Will Surrender	1947	21	18.50	cinematographer:1 composer:10 screenwriter:10 cast:2
Q1573923	Hammett	1982	19	18.45	director:8 editor:2 composer:2 screenwriter:7 cast:3
Q1077152	Viva Maria!	1965	19	18.45	director:1 cinematographer:6 editor:2 composer:6 screenwriter:4 cast:5
Q3227188	Le Silence de la mer	1947	18	18.40	director:6 cinematographer:6 screenwriter:6 cast:4
Q3148513	The Teacher from Vigevano	1963	21	18.40	director:1 cinematographer:4 editor:4 composer:10 screenwriter:2
Q785087	The Witches of Eastwick	1987	21	18.40	director:3 cinematographer:5 composer:13
Q3007798	The Love of the Actress Sumako	1947	16	18.40	director:7 cinematographer:3 screenwriter:6 cast:12
Q626101	Days and Nights in the Forest	1970	19	18.35	director:6 editor:6 composer:1 screenwriter:6 cast:3
Q715026	Distant Thunder	1973	19	18.35	director:6 editor:6 composer:1 screenwriter:6 cast:3
Q22260787	Sonar Kella	1974	19	18.35	director:6 editor:6 composer:1 screenwriter:6 cast:3
Q920218	The Story of Adele H.	1975	19	18.35	director:6 cinematographer:4 editor:1 screenwriter:8 cast:1
Q717168	Joi Baba Felunath	1979	19	18.35	director:6 editor:6 composer:1 screenwriter:6 cast:3
Q717365	Hirak Rajar Deshe	1980	19	18.35	director:6 editor:6 composer:1 screenwriter:6 cast:3
Q717188	The Home and the World	1984	19	18.35	director:6 editor:6 composer:1 screenwriter:6 cast:3
Q1493345	An Enemy of the People	1990	19	18.35	director:6 editor:6 composer:1 screenwriter:6 cast:3
Q717183	Shakha Proshakha	1990	19	18.35	director:6 editor:6 composer:1 screenwriter:6 cast:3
Q2707428	King Lear	1987	18	18.35	director:8 cinematographer:1 editor:1 screenwriter:8 cast:5
Q2354637	A Personal Journey with Martin Scorsese Through American Movies	1995	18	18.35	director:11 composer:2 screenwriter:5 cast:5
Q206388	Once Upon a Time in America	1984	20	18.35	director:3 cinematographer:2 editor:3 composer:9 screenwriter:3 cast:3
Q1157019	A Scene at the Sea	1991	20	18.25	director:2 cinematographer:1 editor:2 composer:13 screenwriter:2 cast:5
Q21088423	Dinner with Friends	2001	19	18.25	cinematographer:10 editor:8 composer:1 cast:1
Q2756585	Sympathy for the Devil	1968	18	18.25	director:8 cinematographer:1 composer:1 screenwriter:8 cast:5
Q929582	Macbeth	1971	19	18.20	director:6 cinematographer:5 editor:2 screenwriter:6
Q852093	The Postmodern Life of My Aunt	2006	20	18.15	cinematographer:7 composer:13 cast:3
Q109228991	Dune: Part Two	2024	19	18.15	director:4 cinematographer:1 editor:4 composer:7 screenwriter:3 cast:5
Q639639	Seemabaddha	1971	19	18.10	director:6 editor:6 composer:1 screenwriter:6 cast:2
Q76582	The Chess Players	1977	19	18.10	director:6 editor:6 composer:1 screenwriter:6 cast:2
Q1330737	Twilight Zone: The Movie	1983	19	18.10	director:13 cinematographer:1 composer:4 screenwriter:1
Q1992724	Keep Your Right Up	1987	17	18.10	director:8 editor:1 screenwriter:8 cast:8
Q181803	Star Wars: Episode VI – Return of the Jedi	1983	21	18.10	editor:5 composer:13 screenwriter:3 cast:2
Q2736887	Chung Kuo, Cina	1972	19	18.00	director:7 cinematographer:2 editor:3 screenwriter:7
Q1192783	Le clan des siciliens	1969	17	18.00	cinematographer:6 composer:9 screenwriter:2 cast:12
Q25600	The American Soldier	1970	18	17.95	director:5 editor:3 composer:5 screenwriter:5 cast:7
Q1195396	The Man Who Loved Women	1977	18	17.95	director:6 cinematographer:4 editor:1 screenwriter:7 cast:3
Q133341572	Wild Horse Nine	2026	20	17.95	director:2 cinematographer:2 editor:2 composer:12 screenwriter:2 cast:3
Q502530	Stage Fright	1950	18	17.95	director:15 screenwriter:3 cast:1
Q10546530	The Dress	1964	19	17.90	cinematographer:13 composer:5 screenwriter:1
Q639420	Chiriyakhana	1967	19	17.85	director:6 editor:6 composer:1 screenwriter:6 cast:1
Q834530	The Fearless Vampire Killers	1967	18	17.85	director:6 cinematographer:1 editor:2 composer:3 screenwriter:6 cast:5
Q1114038	Nouvelle Vague	1990	18	17.85	director:8 cinematographer:1 editor:1 screenwriter:8 cast:3
Q973346	Down the Ancient Staircase	1975	20	17.85	editor:3 composer:9 screenwriter:8 cast:3
Q599423	Love Is Colder Than Death	1969	17	17.80	director:5 editor:2 composer:5 screenwriter:5 cast:10
Q959838	The Scar	1976	17	17.80	director:7 cinematographer:3 screenwriter:7 cast:6
Q2480715	All the Invisible Children	2005	18	17.75	director:12 cinematographer:3 editor:1 composer:2 cast:1
Q24278982	Indiana Jones and the Dial of Destiny	2023	20	17.70	cinematographer:5 composer:13 screenwriter:2 cast:2
Q499031	The Ring	1927	18	17.70	director:15 screenwriter:3
Q1713697	Juno and the Paycock	1929	18	17.70	director:15 screenwriter:3
Q1152044	Murder!	1930	18	17.70	director:15 screenwriter:3
Q865983	The Skin Game	1931	18	17.70	director:15 screenwriter:3
Q1340617	Rich and Strange	1931	18	17.70	director:15 screenwriter:3
Q205694	Number Seventeen	1932	18	17.70	director:15 screenwriter:3
Q1079728	The Blessed Ones	1986	18	17.70	director:15 editor:2 screenwriter:1
Q643811	War and Peace	1956	20	17.65	director:1 cinematographer:3 editor:4 composer:10 screenwriter:2 cast:1
Q1107998	The Man from London	2007	17	17.65	director:4 cinematographer:1 editor:4 composer:4 screenwriter:4 cast:9
Q3472468	Without Pity	1948	20	17.60	cinematographer:1 composer:10 screenwriter:9 cast:2
Q339648	Everybody's Fine	1990	20	17.60	editor:1 composer:9 screenwriter:10 cast:2
Q639611	Mahapurush	1965	19	17.60	director:6 editor:6 composer:1 screenwriter:6
Q639416	Goopy Gyne Bagha Byne	1968	19	17.60	director:6 editor:6 composer:1 screenwriter:6
Q640662	Pratidwandi	1970	19	17.60	director:6 editor:6 composer:1 screenwriter:6
Q1391941	Sikkim	1971	19	17.60	director:6 editor:6 composer:1 screenwriter:6
Q717174	Jana Aranya	1976	19	17.60	director:6 editor:6 composer:1 screenwriter:6
Q1252676	Pikoor Diary	1980	19	17.60	director:6 editor:6 composer:1 screenwriter:6
Q717380	Sadgati	1981	19	17.60	director:6 editor:6 composer:1 screenwriter:6
Q390467	The Stranger	1991	19	17.60	director:6 editor:6 composer:1 screenwriter:6
Q721737	Tales from Earthsea	2006	19	17.60	cinematographer:5 editor:14
Q3039250	Dream Lover	1986	18	17.60	director:3 cinematographer:13 composer:2
Q543382	Why Does Herr R. Run Amok?	1970	17	17.55	director:5 editor:2 composer:5 screenwriter:5 cast:9
Q11579293	Pressure of Guilt	1963	15	17.55	composer:7 screenwriter:8 cast:19
Q3416348	Galileo	1968	19	17.55	cinematographer:1 editor:3 composer:9 screenwriter:6 cast:5
Q1091097	Kikujiro	1999	20	17.50	director:2 cinematographer:1 editor:2 composer:13 screenwriter:2 cast:2
Q2565704	Angels of Sin	1943	18	17.50	director:8 cinematographer:1 composer:1 screenwriter:8 cast:2
Q153677	For a Few Dollars More	1965	18	17.45	director:3 cinematographer:1 editor:1 composer:9 screenwriter:4 cast:7
Q2658283	Four Nights of a Dreamer	1971	18	17.45	director:8 cinematographer:2 screenwriter:8 cast:1
Q5646742	Hana	2006	16	17.45	director:5 cinematographer:3 editor:4 screenwriter:4 cast:9
Q734186	Temptress Moon	1996	17	17.40	director:2 cinematographer:9 composer:5 screenwriter:1 cast:6
Q11149510	I Wish I Knew	2010	17	17.35	director:4 cinematographer:4 composer:5 screenwriter:4 cast:7
Q23932553	Okja	2017	15	17.35	director:5 cinematographer:2 editor:2 composer:1 screenwriter:5 cast:13
Q698237	Lola	1981	17	17.30	director:5 editor:2 composer:5 screenwriter:5 cast:8
Q703188	Veronika Voss	1982	17	17.30	director:5 editor:2 composer:5 screenwriter:5 cast:8
Q1454446	Mary	1931	17	17.30	director:15 screenwriter:2 cast:2
Q3175495	Samurai Assassin	1965	15	17.30	composer:7 screenwriter:8 cast:18
Q1637652	The Sword of Doom	1966	15	17.30	composer:7 screenwriter:8 cast:18
Q1214845	The Milky Way	1969	14	17.30	director:5 cinematographer:2 editor:1 screenwriter:6 cast:16
Q706592	The Cat o' Nine Tails	1971	19	17.25	director:3 editor:3 composer:9 screenwriter:4 cast:3
Q2658078	Les Dames du Bois de Boulogne	1945	18	17.25	director:8 cinematographer:1 composer:1 screenwriter:8 cast:1
Q1632051	Metti una sera a cena	1969	18	17.25	cinematographer:2 editor:3 composer:9 screenwriter:4 cast:7
Q3549482	Untamed	1957	14	17.25	director:6 composer:7 screenwriter:1 cast:19
Q3071965	Daughters, Wives and a Mother	1960	14	17.25	director:6 composer:7 screenwriter:1 cast:19
Q564403	Memories	1995	19	17.20	director:1 editor:14 screenwriter:4
Q3520627	The Dirk Diggler Story	1988	18	17.20	director:8 cinematographer:2 screenwriter:8
Q327027	Pina	2011	18	17.20	director:8 cinematographer:2 editor:1 screenwriter:7
Q30321629	All the Money in the World	2017	19	17.15	director:5 cinematographer:1 composer:13 cast:3
Q202681	Joint Security Area	2000	17	17.15	director:6 composer:5 screenwriter:6 cast:7
Q17056249	Tsubasa no gaika	1942	19	17.10	screenwriter:19
Q7659290	Sword for Hire	1952	19	17.10	screenwriter:19
Q5366998	The Sea Is Watching	2002	19	17.10	screenwriter:19
Q110397	True Lies	1994	18	17.10	director:5 cinematographer:1 editor:5 composer:2 screenwriter:5 cast:2
Q2721711	Tout Va Bien	1972	17	17.10	director:8 editor:1 screenwriter:8 cast:4
Q1243640	King of the Gypsies	1978	17	17.10	cinematographer:13 editor:3 screenwriter:1 cast:2
Q80557	Illustrious Corpses	1976	16	17.10	cinematographer:2 editor:4 screenwriter:10 cast:10
Q567519	Katzelmacher	1969	17	17.05	director:5 editor:2 composer:5 screenwriter:5 cast:7
Q695982	Querelle	1982	17	17.05	director:5 editor:2 composer:5 screenwriter:5 cast:7
Q1818133	Rabindranath Tagore	1961	18	17.05	director:6 editor:6 screenwriter:6 cast:1
Q979196	Psycho	1998	18	17.05	cinematographer:9 composer:8 screenwriter:1 cast:3
Q1056946	Odd Obsession	1959	14	17.05	director:3 cinematographer:6 composer:2 screenwriter:3 cast:15
Q2885006	This Angry Age	1957	19	17.00	cinematographer:4 editor:4 composer:10 screenwriter:1 cast:2
Q1583882	The Assassin	1961	18	17.00	director:1 cinematographer:2 editor:4 screenwriter:11 cast:2
Q3404003	Prisoners	2013	17	17.00	director:4 cinematographer:10 editor:1 composer:2 cast:2
Q570847	Korczak	1990	15	16.95	director:2 cinematographer:7 editor:2 composer:2 screenwriter:2 cast:11
Q102448	Harry Potter and the Prisoner of Azkaban	2004	19	16.90	director:4 cinematographer:2 composer:13 cast:2
Q759462	Starting Over	1979	17	16.90	director:3 cinematographer:13 editor:1
Q2661437	The Witches	1967	18	16.85	director:1 cinematographer:2 editor:2 composer:9 screenwriter:4 cast:5
Q890060	Body Bags	1993	18	16.85	director:9 cinematographer:2 composer:7 cast:1
Q3228039	Wind from the East	1969	17	16.85	director:8 editor:1 screenwriter:8 cast:3
Q654916	Land of Plenty	2004	17	16.85	director:8 cinematographer:1 composer:1 screenwriter:7 cast:3
Q1771288	The River	1984	19	16.80	cinematographer:5 editor:1 composer:13 cast:2
Q506625	The Man Who Knew Too Much	1934	17	16.80	director:15 screenwriter:2
Q570302	Waltzes from Vienna	1934	17	16.80	director:15 screenwriter:2
Q1170077	The Phantom of the Opera	1998	19	16.75	director:3 composer:9 screenwriter:7 cast:1
Q7754131	The Night and the Moment	1995	18	16.75	cinematographer:2 editor:4 composer:9 screenwriter:3 cast:5
Q124697	1900	1976	18	16.70	director:1 cinematographer:3 editor:3 composer:9 screenwriter:2 cast:4
Q3794805	The Mystery of Oberwald	1981	17	16.70	director:7 cinematographer:2 editor:1 screenwriter:7 cast:2
Q3030663	Distance	2001	16	16.70	director:5 cinematographer:3 editor:4 screenwriter:4 cast:6
Q1770299	Arabella	1967	19	16.70	editor:6 composer:9 screenwriter:4 cast:2
Q3815597	Number Two	1975	17	16.70	director:8 cinematographer:1 screenwriter:8 cast:2
Q880426	Black Moon	1975	17	16.70	director:1 cinematographer:13 editor:2 screenwriter:1
Q1061832	Todo modo	1976	17	16.70	director:1 cinematographer:2 editor:4 composer:9 screenwriter:1 cast:8
Q3824523	La supertestimone	1971	17	16.65	cinematographer:2 editor:4 composer:1 screenwriter:10 cast:5
Q59610	Seven Psychopaths	2012	18	16.65	director:2 cinematographer:2 composer:12 screenwriter:2 cast:5
Q3822127	Dragnet Girl	1933	14	16.65	director:11 cinematographer:2 screenwriter:1 cast:11
Q39005	The Pleasure Garden	1925	17	16.60	director:15 composer:2
Q3141131	Notre musique	2004	17	16.60	director:8 editor:1 screenwriter:8 cast:2
Q568123	Dracula	1979	19	16.55	cinematographer:5 composer:13 screenwriter:1 cast:1
Q1215976	Fat Man and Little Boy	1989	18	16.55	cinematographer:5 editor:3 composer:9 screenwriter:1 cast:3
Q622201	Four Flies on Grey Velvet	1971	19	16.50	director:3 editor:3 composer:9 screenwriter:4
Q850312	Halloween II	1981	18	16.50	cinematographer:5 editor:2 composer:7 screenwriter:4 cast:2
Q275432	Rango	2011	18	16.50	cinematographer:10 composer:7 screenwriter:1
Q36739	The Postman Always Rings Twice	1981	17	16.50	director:1 cinematographer:13 editor:1 composer:2
Q1756698	The Last Run	1971	17	16.45	cinematographer:13 composer:4 cast:1
Q11488259	Machibuse	1970	17	16.45	cinematographer:1 composer:7 screenwriter:9 cast:7
Q3561887	Vladimir and Rosa	1977	16	16.45	director:8 screenwriter:8 cast:5
Q6108452	JLG/JLG – Self-Portrait in December	1995	16	16.45	director:8 screenwriter:8 cast:5
Q107610545	Showing Up	2022	16	16.45	director:5 cinematographer:3 editor:3 screenwriter:5 cast:5
Q957067	Nadine	1987	19	16.40	cinematographer:4 editor:3 composer:11 screenwriter:1
Q785351	The Rainmaker	1997	17	16.40	director:7 cinematographer:1 editor:2 composer:2 screenwriter:5 cast:2
Q7767323	The Sun Also Rises	2007	19	16.40	director:1 cinematographer:5 composer:13
Q656209	The House on Carroll Street	1988	18	16.40	cinematographer:8 editor:3 composer:6 screenwriter:1
Q3110675	Good Men, Good Women	1995	17	16.40	director:5 cinematographer:1 editor:6 screenwriter:5 cast:2
Q221354	Brink of Life	1958	16	16.40	director:15 screenwriter:1 cast:2
Q1676240	The Spirit of St. Louis	1957	17	16.35	director:2 cinematographer:9 editor:1 composer:3 screenwriter:2 cast:1
Q4305151	For Ever Mozart	1996	17	16.35	director:8 editor:1 screenwriter:8 cast:1
Q743367	New York, New York	1977	16	16.35	director:11 cinematographer:1 editor:2 screenwriter:2 cast:3
Q2250653	L'Amore	1948	18	16.30	director:1 cinematographer:1 editor:6 composer:1 screenwriter:9
Q1315185	Steamboy	2004	18	16.30	director:1 editor:14 screenwriter:3
Q3230902	The Most Gentle Confessions	1971	17	16.30	cinematographer:11 composer:6 cast:2
Q471445	The Phantom of Liberty	1974	13	16.30	director:5 cinematographer:1 editor:1 screenwriter:6 cast:16
Q543825	Fear of Fear	1975	16	16.25	director:5 cinematographer:1 composer:5 screenwriter:5 cast:7
Q213053	Superman	1978	19	16.25	director:1 cinematographer:1 editor:1 composer:13 screenwriter:3 cast:1
Q3032174	In Praise of Love	2001	17	16.25	director:8 composer:1 screenwriter:8 cast:1
Q19405	The Ninth Gate	1999	16	16.25	director:6 cinematographer:2 composer:2 screenwriter:6 cast:5
Q388950	The Assassination of Jesse James by the Coward Robert Ford	2007	16	16.25	director:1 cinematographer:10 editor:4 screenwriter:1 cast:3
Q134297581	Anzukko	1958	14	16.25	director:6 composer:7 screenwriter:1 cast:15
Q3764967	The Voyeur	1970	19	16.20	composer:9 screenwriter:10
Q2366200	Ransom	1974	17	16.20	cinematographer:13 composer:4
Q3940473	Roma città libera	1946	19	16.20	cinematographer:1 composer:10 screenwriter:8
Q2986193	How Is It Going?	1975	17	16.20	director:8 cinematographer:1 screenwriter:8
Q25646568	Suburbicon	2017	17	16.20	cinematographer:5 composer:1 screenwriter:11 cast:2
Q2759885	Joy of Learning	1969	16	16.20	director:8 screenwriter:8 cast:4
Q603313	Short Working Day	1981	16	16.20	director:7 cinematographer:1 editor:1 screenwriter:7 cast:4
Q1026372	Taza, Son of Cochise	1954	17	16.15	director:4 cinematographer:6 editor:3 composer:4 cast:1
Q1263880	The Missouri Breaks	1976	19	16.15	director:1 editor:2 composer:13 screenwriter:3 cast:1
Q12126557	Night Moves	2013	17	16.15	director:5 cinematographer:3 editor:3 composer:2 screenwriter:4 cast:1
Q2972869	Utamaro and His Five Women	1946	16	16.15	director:7 cinematographer:3 screenwriter:6 cast:3
Q510657	Duck, You Sucker!	1971	18	16.10	director:3 editor:3 composer:9 screenwriter:3 cast:2
Q900708	Sabrina	1995	18	16.10	cinematographer:2 composer:13 screenwriter:3 cast:4
Q4682732	Goodbye to Language	2014	17	16.10	director:8 editor:1 screenwriter:8
Q27591008	The Image Book	2018	17	16.10	director:8 editor:1 screenwriter:8
Q1547511	One Hundred and One Nights	1995	8	16.10	director:4 screenwriter:4 cast:34
Q3205166	Lightning	1952	16	16.05	director:6 composer:7 screenwriter:3 cast:7
Q318651	Mr. & Mrs. Smith	1941	16	16.00	director:15 cinematographer:1
Q96382019	Incident at a Corner	1960	16	16.00	director:15 cinematographer:1
Q221384	Black Hawk Down	2001	16	16.00	director:5 cinematographer:3 editor:1 composer:7 cast:6
Q17155624	The 50 Year Argument	2014	16	16.00	director:11 screenwriter:5 cast:2
Q16256567	Sea Fog	2014	17	15.95	cinematographer:5 editor:6 composer:1 screenwriter:5 cast:1
Q244931	In Bruges	2008	18	15.95	director:2 editor:2 composer:12 screenwriter:2 cast:3
Q1307044	One from the Heart	1982	16	15.90	director:7 cinematographer:3 editor:1 screenwriter:5 cast:2
Q1667540	Woman to Woman	1923	16	15.90	director:15 screenwriter:1
Q932965	The Passionate Adventure	1924	16	15.90	director:15 screenwriter:1
Q1519490	The White Shadow	1924	16	15.90	director:15 screenwriter:1
Q504961	The Lodger: A Story of the London Fog	1927	16	15.90	director:15 screenwriter:1
Q1278385	Easy Virtue	1927	16	15.90	director:15 screenwriter:1
Q1061079	Champagne	1928	16	15.90	director:15 screenwriter:1
Q1621735	The Farmer's Wife	1928	16	15.90	director:15 screenwriter:1
Q2299040	The Stendhal Syndrome	1996	18	15.80	director:3 cinematographer:2 composer:9 screenwriter:4
Q500044	The Lady Vanishes	1938	16	15.80	director:15 composer:1
Q2633399	Let the Bullets Fly	2010	16	15.80	director:1 cinematographer:1 composer:13 screenwriter:1 cast:10
Q1453852	The Island	1980	17	15.75	cinematographer:6 editor:1 composer:9 screenwriter:1 cast:3
Q1211143	Angela's Ashes	1999	18	15.70	director:1 cinematographer:2 editor:1 composer:13 screenwriter:1 cast:2
Q3232934	The Boys from Fengkuei	1983	17	15.70	director:5 editor:6 composer:1 screenwriter:5
Q1053293	I Wish	2011	16	15.70	director:5 cinematographer:3 editor:4 screenwriter:4 cast:2
Q21857474	Umi yori mo Mada Fukaku	2016	16	15.70	director:5 cinematographer:3 editor:4 screenwriter:4 cast:2
Q644316	What?	1972	15	15.70	director:6 cinematographer:1 editor:2 screenwriter:6 cast:6
Q3223531	Taira Clan Saga	1955	16	15.70	director:7 composer:9 cast:6
Q676216	Allemagne 90 neuf zéro	1991	16	15.70	director:8 screenwriter:8 cast:2
Q3235860	I tre corsari	1952	18	15.65	cinematographer:2 editor:4 composer:10 screenwriter:2 cast:1
Q3791314	Big Deal After 20 Years	1985	18	15.65	cinematographer:2 editor:4 composer:10 screenwriter:2 cast:1
Q1077585	The Truce	1997	17	15.65	cinematographer:2 editor:4 composer:1 screenwriter:10 cast:1
Q639387	The Cotton Club	1984	16	15.65	director:7 editor:2 composer:2 screenwriter:5 cast:3
Q1404916	Cinderella Liberty	1973	18	15.65	cinematographer:5 composer:13 cast:1
Q853425	I'll Do Anything	1994	17	15.65	cinematographer:8 editor:2 composer:7 cast:1
Q11788952	Hope	2007	15	15.65	editor:8 composer:1 screenwriter:6 cast:9
Q1046790	Casanova 70	1965	17	15.65	cinematographer:1 editor:4 screenwriter:12 cast:1
Q1167579	Village of the Damned	1995	17	15.60	director:8 cinematographer:2 composer:7
Q669231	Vampires	1998	17	15.60	director:8 cinematographer:2 composer:7
Q787500	Dong	2006	17	15.60	director:4 cinematographer:4 composer:5 screenwriter:4
Q7901799	Useless	2007	17	15.60	director:4 cinematographer:4 composer:5 screenwriter:4
Q810703	Many Wars Ago	1970	16	15.60	cinematographer:2 editor:4 screenwriter:10 cast:4
Q112977213	Mickey 17	2025	15	15.60	director:5 cinematographer:2 editor:2 composer:1 screenwriter:5 cast:6
Q200765	The Dust of Time	2008	14	15.60	director:2 composer:2 screenwriter:10 cast:12
Q3684146	How I Lost the War	1947	18	15.55	cinematographer:1 composer:10 screenwriter:7 cast:1
Q3230614	Difficult Years	1948	18	15.55	cinematographer:1 editor:6 composer:10 screenwriter:1 cast:1
Q592838	His Days Are Numbered	1962	17	15.55	director:1 editor:4 composer:1 screenwriter:11 cast:1
Q2547631	The Rain People	1969	16	15.55	director:7 cinematographer:2 editor:2 screenwriter:5 cast:1
Q3651324	Cameriera bella presenza offresi...	1951	17	15.45	editor:6 composer:1 screenwriter:10 cast:1
Q596623	The Leopard	1963	15	15.45	cinematographer:2 editor:2 composer:10 screenwriter:1 cast:11
Q916431	Alice Doesn't Live Here Anymore	1974	15	15.45	director:11 cinematographer:1 editor:3 cast:3
Q1197936	The Working Class Goes to Heaven	1971	17	15.45	director:1 cinematographer:2 editor:4 composer:9 screenwriter:1 cast:3
Q671800	Property Is No Longer a Theft	1973	17	15.45	director:1 cinematographer:2 editor:4 composer:9 screenwriter:1 cast:3
Q1055616	Struggle in Italy	1970	16	15.45	director:8 screenwriter:8 cast:1
Q55662967	Night Drum	1958	12	15.45	composer:1 screenwriter:11 cast:19
Q1659440	Empire of Passion	1978	15	15.40	director:3 cinematographer:3 composer:7 screenwriter:2 cast:8
Q185053	The Paper Chase	1973	18	15.40	cinematographer:5 composer:13
Q2755251	The Mattei Affair	1972	16	15.35	cinematographer:2 editor:4 screenwriter:10 cast:3
Q505297	Lucky Luciano	1973	16	15.35	cinematographer:2 editor:4 screenwriter:10 cast:3
Q1087236	Christ Stopped at Eboli	1979	16	15.35	cinematographer:2 editor:4 screenwriter:10 cast:3
Q1636832	Three Brothers	1981	16	15.35	cinematographer:2 editor:4 screenwriter:10 cast:3
Q1192537	The Beekeeper	1986	16	15.35	director:2 cinematographer:2 composer:2 screenwriter:10 cast:3
Q505097	Chronicle of a Death Foretold	1987	16	15.35	cinematographer:2 editor:4 screenwriter:10 cast:3
Q1199606	The Suspended Step of the Stork	1991	16	15.35	director:2 cinematographer:2 composer:2 screenwriter:10 cast:3
Q697770	Eternity and a Day	1998	16	15.35	director:2 cinematographer:2 composer:2 screenwriter:10 cast:3
Q3222054	A Wife's Heart	1956	13	15.35	director:6 composer:7 cast:15
Q1048166	Casper	1995	16	15.35	cinematographer:5 editor:8 composer:3 cast:3
Q5965519	Sólo Con Tu Pareja	1991	15	15.35	director:4 cinematographer:7 screenwriter:4 cast:3
Q3400442	His Last Twelve Hours	1950	18	15.30	cinematographer:1 editor:6 composer:10 screenwriter:1
Q3618034	Easy Years	1953	18	15.30	cinematographer:1 editor:6 composer:10 screenwriter:1
Q4003998	A Pilot Returns	1942	17	15.30	director:1 editor:6 composer:1 screenwriter:9
Q2290980	Torment	1944	17	15.30	editor:3 screenwriter:14
Q2276637	Woman Without a Face	1947	17	15.30	editor:3 screenwriter:14
Q2729420	While the City Sleeps	1950	17	15.30	editor:3 screenwriter:14
Q525421	The Secret Garden	1993	16	15.30	cinematographer:10 composer:6 cast:2
Q2712195	Samurai Banners	1969	15	15.30	composer:7 screenwriter:8 cast:10
Q1199484	Destiny	1921	16	15.25	director:5 cinematographer:3 editor:1 composer:2 screenwriter:5 cast:1
Q3005765	Mother	1952	14	15.25	director:6 composer:7 screenwriter:1 cast:11
Q645574	The Misfits	1961	16	15.25	director:1 cinematographer:6 editor:8 composer:1 cast:1
Q116905	Lemony Snicket's A Series of Unfortunate Events	2004	16	15.25	cinematographer:7 editor:8 composer:1 cast:1
Q1192469	The Mountain Eagle	1926	15	15.25	director:15 cast:1
Q3134339	Mr. Sleeman Is Coming	1957	15	15.25	director:15 cast:1
Q1141459	Rabies	1958	15	15.25	director:15 cast:1
Q372174	Torn Curtain	1966	15	15.25	director:15 cast:1
Q3222385	The Making of Fanny and Alexander	1986	15	15.25	director:15 cast:1
Q114345051	Kinds of Kindness	2024	14	15.25	director:4 cinematographer:2 editor:4 composer:2 screenwriter:2 cast:9
Q470657	Effi Briest	1974	14	15.20	director:5 cinematographer:1 editor:3 screenwriter:5 cast:8
Q847422	A Guide for the Married Man	1967	18	15.20	director:1 cinematographer:2 editor:2 composer:13
Q3824237	Weak Spot	1975	16	15.20	cinematographer:2 editor:2 composer:9 screenwriter:3 cast:6
Q2972361	Cigarettes & Coffee	1988	16	15.20	director:8 screenwriter:8
Q979271	British Sounds	1969	16	15.20	director:8 screenwriter:8
Q3236934	Letter to Jane	1972	16	15.20	director:8 screenwriter:8
Q3144621	Hélas pour moi	1993	16	15.20	director:8 screenwriter:8
Q2577790	Film Socialisme	2010	16	15.20	director:8 screenwriter:8
Q1740809	Memoirs of an Invisible Man	1992	15	15.15	director:8 cinematographer:1 editor:1 screenwriter:5 cast:3
Q2062083	Voyage to Cythera	1984	16	15.10	director:2 cinematographer:2 composer:2 screenwriter:10 cast:2
Q386522	Nazarín	1959	15	15.10	director:5 cinematographer:2 editor:2 composer:1 screenwriter:5 cast:4
Q659669	Michael	1924	16	15.10	director:3 cinematographer:4 editor:1 screenwriter:8
Q1083372	With Honors	1994	15	15.05	cinematographer:13 editor:2 cast:1
Q890132	The War Is Over	1966	12	15.05	director:4 cinematographer:4 composer:3 screenwriter:1 cast:15
Q110876878	Empire of Light	2022	15	15.05	cinematographer:10 editor:3 composer:2 cast:3
Q930109	Older Brother, Younger Sister	1953	14	15.00	director:6 composer:7 screenwriter:1 cast:10
Q7650664	Suzakumon	1957	14	15.00	cinematographer:6 composer:7 screenwriter:1 cast:10
Q1367513	Peau d'Âne	1970	14	15.00	director:2 cinematographer:3 editor:1 composer:6 screenwriter:2 cast:10
Q495820	Downhill	1927	15	15.00	director:15
Q1195706	The Manxman	1929	15	15.00	director:15
Q1333983	Elstree Calling	1930	15	15.00	director:15
Q18389675	The Fighting Generation	1944	15	15.00	director:15
Q2276647	The Venetian	1958	15	15.00	director:15
Q64768851	Fårö Document	1970	15	15.00	director:15
Q1544979	Falling in Love	1984	15	15.00	cinematographer:6 editor:8 composer:1 cast:4
Q2755257	The Image Makers	2000	15	15.00	director:15
Q18750238	German Concentration Camps Factual Survey	2014	15	15.00	director:15
Q59725709	Ingmar Bergman's Cinema	2018	15	15.00	director:15
Q572440	Monsieur Verdoux	1947	16	14.95	director:3 cinematographer:3 composer:3 screenwriter:7 cast:1
Q10288763	The 47 Ronin	1941	14	14.95	director:7 composer:1 screenwriter:6 cast:7
Q1141481	Faithless	2000	16	14.90	editor:2 screenwriter:14 cast:2
Q699835	Arrietty	2010	16	14.90	cinematographer:5 screenwriter:11
Q42051	Star Wars: Episode III – Revenge of the Sith	2005	17	14.85	director:1 composer:13 screenwriter:3 cast:3
Q1056376	Carmen	1984	16	14.85	cinematographer:2 editor:4 screenwriter:10 cast:1
Q7730764	The Dove	1974	15	14.85	cinematographer:13 composer:2 cast:1
Q181555	Crimes and Misdemeanors	1989	15	14.85	cinematographer:13 composer:2 cast:1
Q4827156	Autumn Has Already Started	1960	13	14.85	director:6 composer:7 cast:13
Q596844	Waterland	1992	17	14.85	cinematographer:5 composer:12 cast:1
Q1647563	A Dangerous Woman	1993	17	14.85	cinematographer:5 composer:12 cast:1
Q2636079	The Flowers of St. Francis	1950	16	14.80	director:1 cinematographer:4 editor:1 composer:1 screenwriter:9
Q3410840	Hitokiri	1969	15	14.80	composer:7 screenwriter:8 cast:8
Q45839	Memoirs of a Geisha	2005	14	14.80	editor:1 composer:13 cast:14
Q3790561	The Lizards	1963	17	14.80	cinematographer:4 editor:4 composer:9
Q3183109	Jolanda, the Daughter of the Black Corsair	1953	17	14.75	cinematographer:2 editor:4 composer:10 screenwriter:1 cast:1
Q2581338	The General Line	1929	15	14.75	director:5 cinematographer:5 screenwriter:5 cast:1
Q3024977	Two Men in Manhattan	1959	15	14.75	director:6 cinematographer:1 composer:2 screenwriter:6 cast:3
Q3271718	Léonor	1975	16	14.70	cinematographer:2 composer:9 screenwriter:5 cast:4
Q427186	Rocco and His Brothers	1960	15	14.70	cinematographer:2 editor:2 composer:10 screenwriter:1 cast:8
Q688962	The Merchant of Four Seasons	1972	13	14.70	director:5 editor:3 screenwriter:5 cast:10
Q1403726	Bushido, Samurai Saga	1963	12	14.70	composer:6 screenwriter:6 cast:18
Q3651790	Campane a martello	1949	17	14.65	cinematographer:1 editor:6 composer:10 cast:1
Q911775	Prêt-à-Porter	1994	15	14.65	director:5 editor:1 composer:6 screenwriter:3 cast:5
Q3224322	The Sailor from Gibraltar	1967	14	14.65	cinematographer:11 composer:3 cast:5
Q3236309	The Young Girls Turn 25	1993	14	14.65	director:4 composer:6 screenwriter:4 cast:9
Q612628	La Luna	1979	16	14.65	director:1 cinematographer:3 composer:9 screenwriter:3 cast:3
Q595363	Mountains of the Moon	1990	15	14.65	director:1 cinematographer:10 editor:1 composer:2 screenwriter:1 cast:1
Q3613646	To Love	1964	14	14.65	cinematographer:13 editor:1 cast:3
Q645770	The Desert of the Tartars	1976	14	14.65	cinematographer:2 editor:3 composer:9 cast:11
Q27038847	Solo: A Star Wars Story	2018	17	14.60	cinematographer:1 editor:1 composer:13 screenwriter:2 cast:2
Q2357585	Simon of the Desert	1965	15	14.60	director:5 cinematographer:2 editor:2 composer:1 screenwriter:5 cast:2
Q798737	Bad Lieutenant: Port of Call New Orleans	2009	15	14.60	director:10 cinematographer:2 editor:2 composer:1
Q1138798	That Obscure Object of Desire	1977	14	14.60	director:5 cinematographer:1 editor:1 composer:1 screenwriter:6 cast:6
Q1537296	Gonza the Spearman	1986	14	14.60	director:1 cinematographer:6 composer:7 cast:8
Q784195	The Thief of Paris	1967	11	14.60	director:1 cinematographer:6 screenwriter:4 cast:16
Q3754069	Escape to France	1948	17	14.55	composer:10 screenwriter:7 cast:1
Q4009975	Vergine moderna	1954	17	14.55	composer:10 screenwriter:7 cast:1
Q1218993	The Last Days of Pompeii	1959	15	14.55	director:3 editor:6 screenwriter:6 cast:3
Q599182	Notebook on Cities and Clothes	1989	15	14.55	director:8 screenwriter:7 cast:1
Q774269	Buena Vista Social Club	1999	15	14.55	director:8 screenwriter:7 cast:1
Q16736285	The Salt of the Earth	2014	15	14.55	director:8 screenwriter:7 cast:1
Q54554847	Pope Francis: A Man of His Word	2018	15	14.55	director:8 screenwriter:7 cast:1
Q1213162	The Hellbenders	1967	16	14.55	director:2 cinematographer:1 editor:3 composer:9 screenwriter:1 cast:3
Q8025305	Wings of Hope	2000	14	14.55	director:10 cinematographer:2 editor:2 cast:3
Q2529345	¡Que viva México!	1932	15	14.50	director:5 cinematographer:5 screenwriter:5
Q317062	The Glass Cell	1978	15	14.45	cinematographer:7 editor:8 cast:1
Q1138004	The Ceremony	1971	14	14.45	director:3 editor:2 composer:7 screenwriter:2 cast:9
Q974876	Un flic	1972	13	14.45	director:6 composer:1 screenwriter:6 cast:9
Q925429	Eyes of Laura Mars	1978	15	14.45	director:1 cinematographer:1 editor:8 screenwriter:5 cast:3
Q553194	Youth Without Youth	2007	14	14.40	director:7 cinematographer:1 editor:1 screenwriter:5 cast:4
Q115175910	Megalopolis	2024	14	14.40	director:7 cinematographer:1 editor:1 screenwriter:5 cast:4
Q24840780	Our Time Will Come	2017	17	14.40	cinematographer:4 composer:13
Q521907	A Genius, Two Partners and a Dupe	1975	15	14.40	director:3 editor:3 composer:9 cast:6
Q4004278	A Mother Should be Loved	1934	12	14.40	director:11 screenwriter:1 cast:10
Q376117	The Only Son	1936	12	14.40	director:11 screenwriter:1 cast:10
Q626851	The Fury	1978	17	14.35	director:1 editor:3 composer:13 cast:1
Q165713	Star Wars: Episode I – The Phantom Menace	1999	17	14.35	director:1 composer:13 screenwriter:3 cast:1
Q181069	Star Wars: Episode II – Attack of the Clones	2002	17	14.35	director:1 composer:13 screenwriter:3 cast:1
Q3298157	Mata Hari, agent H 21	1964	13	14.35	composer:6 screenwriter:7 cast:13
Q584766	Something's Gotta Give	2003	15	14.35	cinematographer:8 composer:7 cast:3
Q7304517	Red Lion	1969	13	14.35	cinematographer:6 composer:7 cast:11
Q3739201	Finishing School	1953	17	14.30	composer:10 screenwriter:7
Q587669	Stereo	1969	15	14.30	director:8 screenwriter:7
Q1140028	Crimes of the Future	1970	15	14.30	director:8 screenwriter:7
Q8881030	Tidal Wave	1973	15	14.30	composer:7 screenwriter:8 cast:6
Q1520388	Shivers	1975	15	14.30	director:8 screenwriter:7
Q2061958	Rabid	1977	15	14.30	director:8 screenwriter:7
Q7721042	The Calm	1980	14	14.30	director:7 screenwriter:7 cast:4
Q1675241	The Ox	1991	14	14.30	cinematographer:13 composer:1 cast:2
Q28841928	The Third Murder	2017	14	14.25	director:5 editor:4 composer:1 screenwriter:4 cast:5
Q1517207	Death Rides a Horse	1967	16	14.25	editor:6 composer:9 screenwriter:1 cast:3
Q1673923	Pirates	1986	15	14.25	director:6 cinematographer:1 composer:2 screenwriter:6 cast:1
Q1138425	The Thing from Another World	1951	16	14.20	director:2 cinematographer:2 composer:6 screenwriter:6
Q720159	The Decameron	1971	16	14.20	cinematographer:2 editor:3 composer:9 screenwriter:2 cast:2
Q878964	Bitter Moon	1992	15	14.20	director:6 cinematographer:2 composer:1 screenwriter:6
Q470806	The Professional	1981	15	14.20	cinematographer:6 composer:9 cast:4
Q722682	Hannibal	2001	15	14.15	director:5 cinematographer:1 editor:1 composer:7 screenwriter:1 cast:3
Q2309964	Tetro	2009	14	14.15	director:7 cinematographer:1 editor:1 screenwriter:5 cast:3
Q2714901	The Red Tent	1969	15	14.15	director:2 cinematographer:1 composer:9 screenwriter:3 cast:5
Q10553395	Make Way for Lila	1958	14	14.15	cinematographer:13 editor:1 cast:1
Q636748	The Desert Song	1953	15	14.10	cinematographer:9 editor:3 composer:3
Q1298893	Black Sunday	1977	17	14.10	cinematographer:1 editor:2 composer:13 screenwriter:1
Q1138846	L'Amour à mort	1984	13	14.05	director:4 cinematographer:4 editor:1 composer:2 screenwriter:2 cast:7
Q581642	Sliver	1993	16	14.05	cinematographer:5 composer:11 cast:1
Q27555348	A Hidden Life	2019	14	14.05	director:7 screenwriter:7 cast:3
Q1610106	Kiss the Blood Off My Hands	1948	15	14.00	cinematographer:7 editor:3 composer:2 screenwriter:3
Q3021296	Dark Illness	1990	15	14.00	editor:4 screenwriter:11 cast:2
Q500280	Earthquake	1974	17	14.00	editor:2 composer:13 screenwriter:2
Q239630	Before the Revolution	1964	16	14.00	director:1 cinematographer:4 composer:9 screenwriter:2
Q1052641	Tetepango	1968	16	14.00	editor:6 composer:9 screenwriter:1 cast:2
Q3569289	Windows	1980	16	14.00	cinematographer:5 editor:2 composer:9
Q1321503	Before the Devil Knows You're Dead	2007	16	14.00	director:3 composer:12 screenwriter:1 cast:2
Q1100445	Thieves Like Us	1974	15	14.00	director:5 editor:3 screenwriter:7
Q1217937	The Best Intentions	1992	15	14.00	editor:1 screenwriter:14 cast:2
Q978770	The Stranger	1946	14	14.00	director:3 cinematographer:6 screenwriter:5 cast:2
Q1889403	Pretty Baby	1978	14	14.00	director:1 cinematographer:13
Q5934975	Huie's Sermon	1981	14	14.00	director:10 cinematographer:4
Q1052826	Celebrity	1998	13	14.00	cinematographer:13 cast:4
Q2712854	Sunflower	1970	15	13.95	director:1 cinematographer:2 composer:1 screenwriter:11 cast:1
Q858047	The Canterbury Tales	1972	16	13.95	cinematographer:2 editor:3 composer:9 screenwriter:2 cast:1
Q1321880	Tristana	1970	13	13.95	director:5 cinematographer:1 editor:1 composer:1 screenwriter:5 cast:7
Q105123073	To Catch a Killer	2023	16	13.90	director:1 cinematographer:1 editor:1 composer:12 screenwriter:1 cast:2
Q2408534	Twixt	2011	14	13.90	director:7 cinematographer:1 editor:1 screenwriter:5 cast:2
Q51539437	The Inheritance	1962	13	13.90	director:4 editor:2 composer:7 cast:10
Q3657862	Passing Fancy	1933	14	13.90	director:11 cinematographer:2 screenwriter:1
Q10660508	Salka Valka	1954	14	13.90	cinematographer:13 editor:1
Q10687505	A Girl of Solbakken	1957	14	13.90	cinematographer:13 editor:1
Q7750414	The Marriage of Mr. Mississippi	1961	14	13.90	cinematographer:13 screenwriter:1
Q1936323	Star 80	1983	14	13.90	cinematographer:13 editor:1
Q3363736	Katinka	1988	14	13.90	cinematographer:13 editor:1
Q988029	Diary of a Chambermaid	1964	11	13.90	director:5 screenwriter:6 cast:14
Q741026	Escape from L.A.	1996	14	13.85	director:8 cinematographer:2 screenwriter:4 cast:1
Q2870396	Flowing	1956	13	13.85	director:6 composer:7 cast:9
Q3008923	Cyrano and d'Artagnan	1964	13	13.85	director:1 cinematographer:4 editor:6 composer:1 screenwriter:1 cast:7
Q111944238	The Palace	2023	14	13.85	director:6 composer:1 screenwriter:7 cast:3
Q2656671	A Place for Lovers	1968	15	13.80	director:1 cinematographer:2 screenwriter:12
Q128582	Mission to Mars	2000	16	13.80	director:1 cinematographer:2 editor:3 composer:9 screenwriter:1
Q374172	The Kid	1921	15	13.80	director:3 cinematographer:3 editor:3 composer:3 screenwriter:3
Q669929	The Circus	1928	15	13.80	director:3 cinematographer:3 editor:3 composer:3 screenwriter:3
Q427799	Tokyo Olympiad	1965	15	13.80	director:3 cinematographer:6 composer:6
Q32067391	Twin Peaks: The Missing Pieces	2014	15	13.80	director:9 composer:6
Q16028796	Pearls of the Deep	1966	14	13.80	director:3 cinematographer:1 editor:5 composer:2 screenwriter:3 cast:4
Q3284432	American Boy: A Profile of Steven Prince	1978	14	13.80	director:11 cinematographer:2 composer:1
Q2417978	Camera Buff	1979	14	13.80	director:7 screenwriter:7 cast:2
Q2936413	Cannery Row	1982	14	13.80	cinematographer:13 composer:1
Q26821183	Into the Inferno	2016	14	13.80	director:10 cinematographer:2 editor:2
Q1106851	Coffee and Cigarettes	2003	13	13.80	director:1 cinematographer:10 editor:1 screenwriter:1 cast:4
Q624962	Antarctic Journal	2005	13	13.80	cinematographer:4 editor:1 composer:3 screenwriter:5 cast:8
Q1163934	Lucky to Be a Woman	1956	15	13.80	cinematographer:4 editor:2 composer:1 screenwriter:8
Q1215728	Trip to Vienna	1973	14	13.80	cinematographer:7 editor:7 cast:2
Q3823330	The Ship of Condemned Women	1953	16	13.75	cinematographer:1 editor:4 composer:10 screenwriter:1 cast:1
Q62721520	1917	2019	14	13.75	cinematographer:10 editor:3 composer:1 cast:1
Q3156621	I Graduated, But...	1929	13	13.75	director:11 cinematographer:2 cast:3
Q1958082	Mörderspiel	1961	13	13.75	cinematographer:13 cast:3
Q3577485	Echoes from a Somber Empire	1990	13	13.75	director:10 cinematographer:3 cast:3
Q2511540	Plot	1972	12	13.75	cinematographer:1 editor:1 composer:9 screenwriter:1 cast:15
Q475925	Love and Anarchy	1973	15	13.70	cinematographer:2 editor:3 composer:10 cast:4
Q3927748	Ghosts – Italian Style	1967	14	13.70	cinematographer:2 editor:1 composer:1 screenwriter:10 cast:4
Q2704717	The Hawks and the Sparrows	1966	16	13.70	cinematographer:2 editor:3 composer:9 screenwriter:2
Q657977	Salò, or the 120 Days of Sodom	1975	16	13.70	cinematographer:2 editor:3 composer:9 screenwriter:2
Q614854	Gone to Earth	1950	15	13.70	director:5 editor:3 composer:3 screenwriter:4
Q492861	The Battle of the River Plate	1956	15	13.70	director:5 editor:3 composer:3 screenwriter:4
Q1859229	Battle Hymn	1957	14	13.70	director:4 cinematographer:6 composer:4 cast:2
Q711916	Flight of the Red Balloon	2007	13	13.70	director:5 cinematographer:5 screenwriter:3 cast:4
Q13218260	Like Father, Like Son	2013	13	13.70	director:5 editor:4 screenwriter:4 cast:6
Q2338099	Panda! Go, Panda!	1972	15	13.70	director:3 composer:1 screenwriter:11
Q2377261	The Law Is the Law	1958	15	13.65	cinematographer:4 composer:10 screenwriter:1 cast:3
Q338599	Accattone	1961	15	13.65	cinematographer:2 editor:3 composer:8 screenwriter:2 cast:3
Q3375122	Perceval le Gallois	1978	13	13.65	director:3 cinematographer:4 editor:3 screenwriter:3 cast:5
Q102244	Harry Potter and the Chamber of Secrets	2002	15	13.65	cinematographer:2 composer:13 cast:5
Q28123467	Suspiria	2018	12	13.65	director:3 cinematographer:3 editor:2 screenwriter:4 cast:9
Q858467	Big	1988	16	13.60	cinematographer:3 editor:2 composer:11
Q3483810	Silence	1971	14	13.60	director:1 cinematographer:6 composer:7 cast:4
Q3346015	Scattered Clouds	1967	13	13.60	director:6 composer:7 cast:8
Q570567	Last Tango in Paris	1972	13	13.60	director:1 cinematographer:3 editor:3 screenwriter:6 cast:6
Q529106	Cape Fear	1962	16	13.60	editor:8 composer:8
Q1431511	La Fièvre Monte à El Pao	1959	14	13.60	director:5 cinematographer:2 composer:2 screenwriter:5 cast:2
Q913545	Ali	2001	14	13.55	director:1 cinematographer:7 editor:1 composer:1 screenwriter:4 cast:1
Q1754647	La Bataille de San Sebastian	1968	15	13.55	cinematographer:2 editor:3 composer:9 screenwriter:1 cast:3
Q10863988	Gone with the Bullets	2014	15	13.55	director:1 composer:13 screenwriter:1 cast:5
Q1197109	Beyond the Forest	1949	14	13.55	director:1 cinematographer:9 editor:1 composer:3 cast:1
Q374434	The Glass Menagerie	1950	14	13.55	director:1 cinematographer:9 editor:1 composer:3 cast:1
Q1139311	George Harrison: Living in the Material World	2011	13	13.55	director:11 cinematographer:1 composer:1 cast:3
Q192160	The Limits of Control	2009	12	13.55	director:1 cinematographer:9 editor:1 screenwriter:1 cast:7
Q909561	Is Paris Burning?	1966	9	13.55	editor:1 composer:3 screenwriter:5 cast:23
Q3953404	Scusi, facciamo l'amore?	1967	15	13.55	cinematographer:2 editor:4 composer:9 cast:3
Q3554881	Drive, He Said	1971	15	13.50	cinematographer:2 editor:1 composer:2 screenwriter:10
Q2267828	Tragic Hunt	1947	14	13.50	cinematographer:4 editor:2 screenwriter:8 cast:2
Q1959829	Snow White and the Seven Jugglers	1962	13	13.50	cinematographer:13 cast:2
Q541185	Another Woman	1988	13	13.50	cinematographer:13 cast:2
Q660894	What's Eating Gilbert Grape	1993	13	13.50	cinematographer:13 cast:2
Q1540554	Only You	1994	13	13.50	cinematographer:13 cast:2
Q1758313	Kristin Lavransdatter	1995	13	13.50	cinematographer:13 cast:2
Q131547207	The Odyssey	2026	13	13.45	director:4 cinematographer:2 editor:2 composer:1 screenwriter:4 cast:5
Q1131511	The Five Man Army	1969	15	13.45	cinematographer:1 editor:1 composer:9 screenwriter:4 cast:3
Q11574382	No Blood Relation	1932	14	13.45	director:6 screenwriter:8 cast:1
Q678452	A Yank in Rome	1946	16	13.40	editor:6 composer:10
Q4003898	A Thief in Paradise	1952	16	13.40	editor:6 composer:10
Q3828864	His Young Wife	1945	16	13.40	composer:10 screenwriter:6
Q2609145	Love in the Afternoon	1972	13	13.40	director:3 cinematographer:4 editor:3 screenwriter:3 cast:4
Q553649	The Marquise of O	1976	13	13.40	director:3 cinematographer:4 editor:3 screenwriter:3 cast:4
Q1048085	Black Rain	1989	14	13.40	director:5 editor:2 composer:7 cast:4
Q1199881	Le deuxième souffle	1966	12	13.40	director:6 screenwriter:6 cast:8
Q1195274	None But the Brave	1965	16	13.35	editor:3 composer:13 cast:1
Q248289	The Accidental Tourist	1988	16	13.35	editor:1 composer:13 screenwriter:2 cast:1
Q964009	My Name is Nobody	1973	15	13.35	editor:3 composer:9 screenwriter:3 cast:3
Q3392618	Shūu	1956	13	13.35	director:6 composer:7 cast:7
Q25387324	The Moon Has Risen	1955	12	13.35	composer:2 screenwriter:10 cast:11
Q7673200	Table for Five	1983	14	13.35	cinematographer:5 editor:8 screenwriter:1 cast:1
Q11438053	The Lost World of Sinbad	1963	13	13.35	cinematographer:6 composer:7 cast:7
Q11372052	Legacy of the 500,000	1963	12	13.35	composer:7 screenwriter:5 cast:13
Q3794027	Her Brother	1960	11	13.35	director:3 cinematographer:6 composer:2 cast:11
Q741823	JFK	1991	15	13.30	cinematographer:1 editor:1 composer:13 cast:4
Q633008	The Fountainhead	1949	14	13.30	director:1 cinematographer:9 editor:1 composer:3
Q16969214	La funivia del Faloria	1950	14	13.30	director:7 screenwriter:7
Q1077309	Él	1953	14	13.30	director:5 cinematographer:2 editor:2 screenwriter:5
Q3017093	The Killers	1956	14	13.30	director:7 screenwriter:7
Q1970252	There Will Be No Leave Today	1959	14	13.30	director:7 screenwriter:7
Q66105073	Workers '71: Nothing About Us Without Us	1972	14	13.30	director:7 screenwriter:7
Q7170679	Personnel	1975	14	13.30	director:7 screenwriter:7
Q1765162	Small Change	1976	14	13.30	director:6 cinematographer:1 screenwriter:7
Q2543165	Francesco	1989	12	13.30	cinematographer:11 composer:1 cast:6
Q3998094	Tre colonne in cronaca	1990	15	13.30	cinematographer:2 editor:4 composer:9 cast:2
Q3217656	Lanton Mills	1969	14	13.30	director:7 screenwriter:7
Q3795248	I Am the Law	1977	14	13.30	cinematographer:1 editor:4 composer:9 cast:6
Q185834	A Time to Love and a Time to Die	1958	13	13.25	director:4 cinematographer:6 editor:1 composer:2 cast:3
Q11446269	Girls of the Night	1961	14	13.25	cinematographer:9 composer:5 cast:1
Q6370899	Karin Månsdotter	1954	13	13.25	cinematographer:13 cast:1
Q1823753	Love Has to Be Learned	1963	13	13.25	cinematographer:13 cast:1
Q327855	First Love	1970	13	13.25	cinematographer:13 cast:1
Q505260	Siddhartha	1972	13	13.25	cinematographer:13 cast:1
Q6772071	Marmalade Revolution	1980	13	13.25	cinematographer:13 cast:1
Q8021359	Willie & Phil	1980	13	13.25	cinematographer:13 cast:1
Q1824522	Mixed Nuts	1994	13	13.25	cinematographer:13 cast:1
Q428489	Curtain Call	1999	13	13.25	cinematographer:13 cast:1
Q497622	Poltergeist	1982	15	13.20	director:1 editor:8 composer:4 screenwriter:2
Q6074	Star Wars: Episode VII – The Force Awakens	2015	15	13.20	composer:13 screenwriter:2 cast:4
Q2485167	Through the Olive Trees	1994	14	13.20	director:4 cinematographer:2 editor:4 screenwriter:4
Q628492	Sign of the Pagan	1954	13	13.20	director:4 cinematographer:6 editor:3 cast:2
Q708210	Café Lumière	2004	13	13.20	director:5 cinematographer:5 screenwriter:3 cast:2
Q19806501	Our Little Sister	2015	13	13.20	director:5 editor:4 screenwriter:4 cast:4
Q63985561	Tenet	2020	13	13.20	director:4 cinematographer:2 editor:2 composer:1 screenwriter:4 cast:4
Q1213747	The Chamber	1996	16	13.20	composer:12 screenwriter:4
Q3828554	Good News	1979	15	13.20	director:1 editor:4 composer:9 screenwriter:1 cast:2
Q1080924	Anna	1951	15	13.15	cinematographer:4 composer:10 screenwriter:1 cast:1
Q105986042	The Pale Blue Eye	2022	15	13.15	editor:4 composer:11 cast:3
Q3033632	Documenteur	1981	14	13.15	director:4 composer:6 screenwriter:4 cast:3
Q3538964	Tricheurs	1984	13	13.15	cinematographer:7 editor:1 composer:5 cast:5
Q1339523	Courage Under Fire	1996	13	13.15	cinematographer:10 composer:3 cast:3
Q164103	A Beautiful Mind	2001	13	13.15	cinematographer:10 composer:3 cast:3
Q3068292	Women of the Night	1948	13	13.15	director:7 screenwriter:6 cast:3
Q3993102	Tonight for Sure	1962	14	13.10	director:7 composer:2 screenwriter:5
Q3007923	Cute Girl	1980	14	13.10	director:5 editor:6 screenwriter:3
Q2961951	Cheerful Wind	1981	14	13.10	director:5 editor:6 screenwriter:3
Q3116068	Green, Green Grass of Home	1983	14	13.10	director:5 editor:6 screenwriter:3
Q2554809	Trilogy: The Weeping Meadow	2004	14	13.10	director:2 composer:2 screenwriter:10 cast:2
Q3221920	Le Crabe-tambour	1977	13	13.10	cinematographer:11 composer:2 cast:2
Q51797794	Ash Is Purest White	2018	13	13.10	director:4 composer:5 screenwriter:4 cast:6
Q3955552	Unknown Woman	1969	15	13.05	cinematographer:2 editor:3 composer:9 screenwriter:1 cast:1
Q23925082	Endless Poetry	2016	13	13.05	director:2 cinematographer:9 screenwriter:2 cast:1
Q3732809	Escalation	1968	15	13.05	cinematographer:2 editor:4 composer:9 cast:1
Q1060124	Castle of Sand	1974	10	13.05	composer:2 screenwriter:8 cast:17
Q1749492	Kiss the Other Sheik	1965	15	13.00	cinematographer:5 composer:10
Q115536959	The Human Condition II: Road to Eternity	1959	11	13.00	director:4 cinematographer:3 editor:2 composer:1 screenwriter:1 cast:10
Q671423	Navajo Joe	1966	14	13.00	director:2 cinematographer:1 composer:9 screenwriter:2 cast:4
Q629819	Danger: Diabolik	1968	14	13.00	director:2 cinematographer:1 composer:9 screenwriter:2 cast:4
Q4861488	Barnen från Frostmofjället	1945	13	13.00	cinematographer:13
Q10572508	Big Lasse of Delsbo	1949	13	13.00	cinematographer:13
Q10658700	The Realm of the Rye	1950	13	13.00	cinematographer:13
Q10605149	In Lilac Time	1952	13	13.00	cinematographer:13
Q4858087	Barabbas	1953	13	13.00	cinematographer:13
Q10717156	The Road to Klockrike	1953	13	13.00	cinematographer:13
Q18287959	The Magnificent Lie	1955	13	13.00	cinematographer:13
Q10725676	Darling of Min	1955	13	13.00	cinematographer:13
Q18289405	Laughing in the Sunshine	1956	13	13.00	cinematographer:13
Q10496757	Flickan i frack	1956	13	13.00	cinematographer:13
Q10483255	A Dreamer's Journey	1957	13	13.00	cinematographer:13
Q10512398	Guest at One's Own Home	1957	13	13.00	cinematographer:13
Q18019280	The Angel Who Pawned Her Harp	1959	13	13.00	cinematographer:13
Q4251571	The Judge	1960	13	13.00	cinematographer:13
Q20971455	Stage Fright	1960	13	13.00	cinematographer:13
Q10467411	A Matter of Morals	1961	13	13.00	cinematographer:13
Q3230506	Loving Couples	1964	13	13.00	cinematographer:13
Q1760893	Roseanna	1967	13	13.00	cinematographer:13
Q4749665	An-Magritt	1969	13	13.00	cinematographer:13
Q1758563	One Day in the Life of Ivan Denisovich	1970	13	13.00	cinematographer:13
Q5002116	Buster's Bedroom	1990	13	13.00	cinematographer:13
Q107167	Sleepless in Seattle	1993	13	13.00	cinematographer:13
Q1516405	White Nights	1957	15	12.95	cinematographer:2 editor:2 composer:10 screenwriter:1 cast:1
Q337090	King Arthur	2004	14	12.95	cinematographer:3 editor:3 composer:7 screenwriter:1 cast:3
Q2709504	The Beaches of Agnès	2008	13	12.95	director:4 cinematographer:3 composer:2 screenwriter:4 cast:3
Q4657645	A Last Note	1995	11	12.95	director:3 composer:5 screenwriter:3 cast:13
Q1498130	Exposed	1983	13	12.95	cinematographer:6 editor:1 composer:6 cast:5
Q60833546	An Officer and a Spy	2019	13	12.95	director:6 composer:1 screenwriter:6 cast:3
Q5380645	Where Chimneys Are Seen	1953	11	12.95	composer:2 screenwriter:9 cast:13
Q1092349	The Five Days	1973	14	12.90	director:3 cinematographer:2 editor:3 composer:2 screenwriter:4
Q116361132	Nosferatu	2024	12	12.90	director:3 cinematographer:3 editor:3 screenwriter:3 cast:6
Q129088	'Tis Pity She's a Whore	1971	15	12.90	cinematographer:3 editor:3 composer:9
Q930540	Wolf	1994	15	12.90	director:1 cinematographer:2 editor:3 composer:9
Q471159	Born on the Fourth of July	1989	14	12.90	cinematographer:1 composer:13 cast:6
Q1458177	The Other Side of the Wind	2018	13	12.90	director:3 composer:6 screenwriter:4 cast:6
Q472690	The Defector	1966	12	12.90	cinematographer:11 editor:1 cast:4
Q993428	Seven Guns for the MacGregors	1966	15	12.85	editor:4 composer:9 screenwriter:2 cast:1
Q647316	Orca	1977	15	12.85	editor:1 composer:9 screenwriter:5 cast:1
Q2017500	United Red Army	2007	14	12.85	editor:14 cast:1
Q4941	Skyfall	2012	13	12.85	cinematographer:10 editor:1 composer:1 screenwriter:1 cast:1
Q1142799	Rabbit-Proof Fence	2002	12	12.85	cinematographer:9 editor:2 composer:1 cast:5
Q18245342	The Lie	1970	14	12.85	screenwriter:14 cast:1
Q1141694	Sunday's Children	1992	14	12.85	screenwriter:14 cast:1
Q470692	The Beach	2000	13	12.85	director:3 cinematographer:2 editor:1 composer:6 screenwriter:1 cast:5
Q686395	Death in the Garden	1956	12	12.85	director:5 composer:2 screenwriter:5 cast:7
Q1518939	Ride the Pink Horse	1947	14	12.80	cinematographer:6 composer:4 screenwriter:4
Q1218309	The Mercenary	1968	15	12.80	director:2 editor:1 composer:9 screenwriter:3
Q1547262	Stanley & Iris	1990	15	12.80	cinematographer:1 editor:1 composer:13 cast:2
Q1485385	Gloria	1999	15	12.80	director:3 cinematographer:1 composer:11
Q24871	Avatar	2009	14	12.80	director:5 editor:1 composer:3 screenwriter:5
Q3793325	Il carro armato dell'8 settembre	1960	13	12.80	cinematographer:1 screenwriter:12 cast:4
Q613485	To Live and Die in L.A.	1985	12	12.80	director:3 cinematographer:7 editor:2 cast:4
Q2305376	Scream of Stone	1991	12	12.80	director:10 editor:2 cast:4
Q518379	Duel of the Titans	1961	13	12.80	director:5 cinematographer:1 screenwriter:7 cast:2
Q3965942	Shoot Loud, Louder... I Don't Understand	1966	15	12.75	editor:4 composer:10 screenwriter:1 cast:1
Q11487700	Stakeout	1958	14	12.75	composer:6 screenwriter:8 cast:3
Q570143	Spies	1928	13	12.75	director:5 cinematographer:3 screenwriter:5 cast:1
Q2733208	Journey into Fear	1943	13	12.75	director:3 cinematographer:1 composer:1 screenwriter:8 cast:3
Q4659647	The Human Condition III: A Soldier's Prayer	1961	11	12.75	director:4 cinematographer:3 editor:2 composer:1 screenwriter:1 cast:9
Q642410	That Thing You Do!	1996	15	12.75	cinematographer:1 editor:3 composer:11 cast:1
Q1143361	A Slightly Pregnant Man	1973	12	12.75	director:2 cinematographer:1 editor:1 composer:6 screenwriter:2 cast:9
Q3529353	The Army Game	1961	11	12.75	cinematographer:11 cast:7
Q3281762	Era lui... sì! sì!	1951	15	12.70	cinematographer:2 editor:3 composer:10
Q517265	Romeo and Juliet	1968	15	12.70	cinematographer:2 editor:3 composer:10
Q1467748	Tigers in Lipstick	1979	13	12.70	editor:3 screenwriter:10 cast:4
Q387868	Guilty as Sin	1993	15	12.70	director:3 editor:1 composer:11
Q1779102	Terminal Station	1953	14	12.70	director:1 cinematographer:1 editor:6 composer:1 screenwriter:5
Q4004300	Run for Your Wife	1965	14	12.70	cinematographer:1 editor:6 screenwriter:7
Q3794891	Il mostro	1977	14	12.70	editor:3 composer:9 screenwriter:2 cast:4
Q4408105	Shirin	2008	12	12.70	director:4 editor:4 screenwriter:4 cast:6
Q2153352	My American Uncle	1980	11	12.70	director:4 cinematographer:4 editor:1 screenwriter:2 cast:8
Q169564	Carnage	2011	13	12.70	director:6 composer:1 screenwriter:6 cast:2
Q232003	Compañeros	1970	14	12.65	director:2 editor:1 composer:9 screenwriter:2 cast:3
Q2628802	Ogro	1979	14	12.65	director:1 cinematographer:1 editor:1 composer:9 screenwriter:2 cast:3
Q3639429	Bianco, rosso e Verdone	1981	14	12.65	cinematographer:2 editor:3 composer:9 cast:3
Q17708	The Plot of the Fuma Clan	1987	14	12.60	editor:14
Q2411962	Little Nemo: Adventures in Slumberland	1989	14	12.60	editor:14
Q1294193	Farewell to Nostradamus	1995	14	12.60	editor:14
Q406705	Lupin III: Dead or Alive	1996	14	12.60	editor:14
Q2395290	Nasu: Summer in Andalusia	2003	14	12.60	editor:14
Q4912095	Gintama: The Movie	2010	14	12.60	editor:14
Q14542320	Gintama: The Movie: The Final Chapter: Be Forever Yorozuya	2013	14	12.60	editor:14
Q7430222	Scar Yosaburo	1960	13	12.60	cinematographer:6 composer:7 cast:4
Q644174	The Story of Qiu Ju	1992	13	12.60	director:4 editor:3 composer:5 screenwriter:1 cast:4
Q3391076	Unknown Pleasures	2002	12	12.60	director:4 cinematographer:4 screenwriter:4 cast:4
Q2815231	24 City	2008	12	12.60	director:4 cinematographer:4 screenwriter:4 cast:4
Q83656	Kinsey	2004	15	12.60	cinematographer:3 composer:12
Q3485336	Last Pair Out	1956	14	12.60	screenwriter:14
Q3854615	Menage all'italiana	1965	14	12.60	cinematographer:4 composer:9 screenwriter:1 cast:2
Q446633	A Little Night Music	1977	14	12.60	screenwriter:14
Q505790	Mission: Impossible 2	2000	14	12.55	director:3 cinematographer:1 composer:7 screenwriter:3 cast:1
Q2637276	Europe '51	1952	13	12.55	director:1 cinematographer:1 editor:1 composer:1 screenwriter:9 cast:3
Q634325	The Rare Breed	1966	15	12.55	cinematographer:1 editor:1 composer:13 cast:1
Q934036	Fiddler on the Roof	1971	15	12.55	cinematographer:1 editor:1 composer:13 cast:1
Q602522	The Eiger Sanction	1975	15	12.55	director:1 editor:1 composer:13 cast:1
Q220655	The Hi-Lo Country	1998	15	12.55	editor:1 composer:12 screenwriter:2 cast:1
Q965569	The Nun	1966	11	12.55	director:3 cinematographer:2 editor:1 composer:1 screenwriter:4 cast:9
Q3792851	Bullet for Stefano	1947	13	12.55	cinematographer:1 editor:2 screenwriter:10 cast:3
Q552747	The Burning Soil	1922	13	12.50	director:3 cinematographer:5 screenwriter:5
Q1194870	The Colossus of Rhodes	1961	13	12.50	director:3 editor:6 screenwriter:4 cast:2
Q108525	The Untouchables	1987	14	12.50	director:1 cinematographer:2 editor:2 composer:9 cast:2
Q1412037	Silkwood	1983	13	12.50	director:1 cinematographer:3 editor:3 composer:6 cast:4
Q551552	A Love in Germany	1983	12	12.50	director:2 cinematographer:1 editor:1 composer:6 screenwriter:2 cast:8
Q166588	Red Sorghum	1988	12	12.50	director:4 cinematographer:3 composer:5 cast:6
Q998396	L'emmerdeur	1973	11	12.50	cinematographer:11 cast:6
Q1517057	Let Sleeping Cops Lie	1988	11	12.50	cinematographer:11 cast:6
Q5383731	Epitome	1953	8	12.50	director:3 cinematographer:1 composer:1 screenwriter:3 cast:20
Q319783	Rambo: First Blood Part II	1985	14	12.50	cinematographer:3 editor:2 composer:4 screenwriter:5
Q223043	A Patch of Blue	1965	13	12.45	cinematographer:9 composer:4 cast:1
Q3548745	A Dangerous Toy	1979	14	12.45	editor:3 composer:9 screenwriter:2 cast:3
Q741042	Panic Room	2002	14	12.45	cinematographer:2 composer:11 screenwriter:1 cast:3
Q741845	Woman of Rome	1954	13	12.45	editor:6 screenwriter:7 cast:3
Q521094	The Devil's Own	1997	13	12.45	director:3 cinematographer:5 editor:2 composer:3 cast:1
Q6142495	Lucky Dragon No. 5	1959	11	12.45	director:3 composer:5 screenwriter:3 cast:11
Q1123507	Edo Porn	1981	11	12.45	director:3 composer:5 screenwriter:3 cast:11
Q406936	The Sucker	1965	13	12.45	cinematographer:6 editor:1 composer:6 cast:3
Q4656289	A Day at the Beach	1970	13	12.45	cinematographer:5 editor:2 screenwriter:6 cast:1
Q157879	The Ghost Writer	2010	13	12.45	director:6 composer:1 screenwriter:6 cast:1
Q11390744	Venus in Fur	2013	13	12.45	director:6 composer:1 screenwriter:6 cast:1
Q29582805	Based on a True Story	2017	13	12.45	director:6 composer:1 screenwriter:6 cast:1
Q6545255	Life of a Woman	1953	7	12.45	director:3 cinematographer:1 screenwriter:3 cast:23
Q1059914	Death on the Nile	1978	14	12.40	cinematographer:3 composer:10 screenwriter:1 cast:2
Q958327	Ulysses	1954	13	12.40	director:2 cinematographer:1 editor:4 composer:1 screenwriter:5 cast:2
Q1211921	The Cowboys	1972	15	12.40	cinematographer:2 composer:13
Q1431506	The Triangle	2001	15	12.40	cinematographer:2 composer:13
Q839916	7 Faces of Dr. Lao	1964	14	12.40	editor:8 composer:2 screenwriter:4
Q3212221	The Lady of Monza	1969	14	12.40	cinematographer:2 editor:1 composer:9 screenwriter:2 cast:2
Q443326	Sonny and Jed	1972	14	12.40	director:2 editor:1 composer:9 screenwriter:2 cast:2
Q523197	How Do You Know	2010	14	12.40	cinematographer:5 editor:2 composer:7
Q3520080	The Boy from Oklahoma	1954	13	12.40	director:1 cinematographer:9 composer:3
Q1570275	Thunderheart	1992	13	12.40	cinematographer:10 composer:3
Q508841	House of Sand and Fog	2003	13	12.40	cinematographer:10 composer:3
Q1053770	Villain	2010	13	12.40	composer:13 cast:8
Q27492140	The Killing of a Sacred Deer	2017	12	12.40	director:4 cinematographer:2 editor:4 screenwriter:2 cast:4
Q760093	Edge of Darkness	2010	14	12.35	cinematographer:1 editor:1 composer:11 screenwriter:1 cast:3
Q109116	The Great Dictator	1940	13	12.35	director:3 cinematographer:4 composer:3 screenwriter:3 cast:1
Q3570966	Xiao Wu	1997	12	12.35	director:4 cinematographer:4 screenwriter:4 cast:3
Q485759	Tokyo!	2008	12	12.35	director:5 composer:2 screenwriter:5 cast:5
Q3790755	The Best of Enemies	1961	14	12.30	cinematographer:2 composer:10 screenwriter:2 cast:2
Q2080652	John Goldfarb, Please Come Home!	1965	15	12.30	cinematographer:1 composer:13 screenwriter:1
Q646633	The Patriot	2000	14	12.30	composer:13 screenwriter:1 cast:4
Q80617	My Friends	1975	13	12.30	cinematographer:2 editor:4 composer:1 screenwriter:6 cast:2
Q551623	Circle of Deceit	1981	12	12.30	director:2 cinematographer:1 editor:2 composer:3 screenwriter:4 cast:6
Q3425330	The Glass Mountain	1950	14	12.25	cinematographer:4 composer:10 cast:1
Q1216853	Tragedy of a Ridiculous Man	1981	14	12.25	director:1 cinematographer:2 composer:9 screenwriter:2 cast:1
Q1217981	Bay of Angels	1963	13	12.25	director:2 cinematographer:2 editor:1 composer:6 screenwriter:2 cast:3
Q4011833	It Happened in the Park	1953	12	12.25	director:1 cinematographer:1 screenwriter:10 cast:5
Q3427528	Location Hunting in Palestine	1965	14	12.20	cinematographer:4 composer:8 screenwriter:2
Q6098296	Raiders of the Lost Ark: The Adaptation	1989	15	12.20	composer:13 screenwriter:2
Q1634259	On Dangerous Ground	1952	14	12.20	director:4 composer:8 screenwriter:2
Q1521254	The Outlaw	1943	13	12.20	director:2 cinematographer:4 composer:1 screenwriter:6
Q2137376	The Savage Innocents	1960	13	12.20	director:4 cinematographer:1 editor:6 screenwriter:2
Q1661151	Life, and Nothing More...	1992	13	12.20	director:4 cinematographer:1 editor:4 screenwriter:4
Q126183	Working Girl	1988	12	12.20	director:1 cinematographer:8 editor:3 cast:2
Q7038679	Ningen	1962	11	12.20	director:3 composer:5 screenwriter:3 cast:10
Q4701990	Akuto (Film)	1965	11	12.20	director:3 composer:5 screenwriter:3 cast:10
Q7837572	Tree Without Leaves	1986	11	12.20	director:3 composer:5 screenwriter:3 cast:10
Q3206847	Daddy's Gone A-Hunting	1969	15	12.20	editor:2 composer:13
Q16252919	The Man Who Loved Cat Dancing	1973	15	12.20	editor:2 composer:13
Q3549484	The Lady Gambles	1949	13	12.15	cinematographer:6 editor:3 composer:4 cast:1
Q3639430	White Sister	1972	12	12.15	cinematographer:1 editor:1 screenwriter:10 cast:5
Q3285471	What Am I Doing in the Middle of the Revolution?	1972	14	12.15	director:2 editor:1 composer:9 screenwriter:2 cast:1
Q1166194	Exorcist II: The Heretic	1977	14	12.15	director:1 cinematographer:1 editor:1 composer:9 screenwriter:2 cast:1
Q1615696	Monsignor	1982	14	12.15	cinematographer:1 composer:13 cast:3
Q839341	Far and Away	1992	14	12.15	cinematographer:1 composer:13 cast:3
Q839042	Nixon	1995	14	12.15	cinematographer:1 composer:13 cast:3
Q124497778	A Big Bold Beautiful Journey	2025	14	12.15	director:1 composer:13 cast:3
Q698309	Yamato	2005	13	12.15	composer:13 cast:7
Q1523586	A Hatful of Rain	1957	14	12.10	director:1 cinematographer:2 editor:2 composer:8 screenwriter:1
Q1379881	Liza	1972	12	12.10	composer:2 screenwriter:10 cast:6
Q3232745	The Fossil	1975	11	12.10	director:4 composer:7 cast:10
Q603857	11'09"01 September 11	2002	11	12.10	director:5 cinematographer:2 editor:2 screenwriter:2 cast:6
Q3429874	Oh... Rosalinda!!	1955	13	12.10	director:5 editor:3 composer:1 screenwriter:4
Q728267	T2-3D: Battle Across Time	1996	13	12.10	director:5 cinematographer:1 composer:2 screenwriter:5
Q1109210	Adua and Her Friends	1960	12	12.05	editor:6 screenwriter:6 cast:5
Q1760695	No Direction Home	2005	12	12.05	director:11 composer:1 cast:1
Q1885686	Stavisky	1974	10	12.05	director:4 cinematographer:4 editor:1 screenwriter:1 cast:9
Q1098140	Hollow Man	2000	13	12.00	director:3 cinematographer:4 editor:2 composer:4
Q2268902	Where Is Freedom?	1952	13	12.00	director:1 cinematographer:3 editor:1 composer:1 screenwriter:7
Q244115	55 Days at Peking	1963	13	12.00	director:4 editor:1 composer:6 screenwriter:2 cast:2
Q646400	Liliom	1934	12	12.00	director:5 cinematographer:2 screenwriter:5 cast:2
Q3683747	The Syndicate: A Death in the Family	1969	12	12.00	cinematographer:2 editor:3 screenwriter:7 cast:4
Q15963780	Carol	2015	14	12.00	cinematographer:1 composer:12 screenwriter:1 cast:2
Q2164458	The Seafarers	1953	12	12.00	director:11 cinematographer:1
Q2548052	The Young One	1960	12	12.00	director:5 cinematographer:2 screenwriter:5 cast:2
Q1212396	Boxcar Bertha	1972	12	12.00	director:11 cinematographer:1
Q2897243	Death for Five Voices	1995	12	12.00	director:10 cinematographer:2
Q7765586	The Southern Star	1969	11	12.00	cinematographer:11 cast:4
Q14836211	The Birth of Love	1993	11	12.00	cinematographer:11 cast:4
Q5098451	Children of Hiroshima	1952	8	12.00	director:3 cinematographer:1 composer:1 screenwriter:3 cast:18
Q407184	Air Force One	1997	12	11.95	cinematographer:8 composer:4 cast:3
Q3958312	Up the MacGregors!	1967	14	11.95	editor:3 composer:9 screenwriter:2 cast:1
Q914157	Teorema	1968	14	11.95	editor:3 composer:9 screenwriter:2 cast:1
Q645490	Metello	1970	14	11.95	editor:3 composer:9 screenwriter:2 cast:1
Q1427222	Postcards from the Edge	1990	12	11.95	director:1 cinematographer:8 editor:3 cast:1
Q1419056	The Fireworks Wednesday	2006	12	11.95	director:3 cinematographer:2 editor:3 composer:1 screenwriter:3 cast:3
Q3024730	Destinées	1954	10	11.95	cinematographer:2 screenwriter:8 cast:11
Q5778160	Comandamenti per un gangster	1968	14	11.95	editor:1 composer:9 screenwriter:4 cast:1
Q820447	The Return of a Man Called Horse	1976	12	11.95	director:1 cinematographer:3 editor:8 cast:3
Q631841	Madame X	1966	13	11.90	cinematographer:6 editor:3 composer:4
Q31786	More Than a Miracle	1967	13	11.90	cinematographer:2 editor:1 screenwriter:10
Q903257	Peggy Sue Got Married	1986	12	11.90	director:7 cinematographer:1 editor:2 composer:2 cast:2
Q658847	How to Steal a Million	1966	14	11.90	cinematographer:1 composer:13 cast:2
Q3036314	Penelope	1966	14	11.90	cinematographer:1 composer:13 cast:2
Q5506648	The Betrayal	1969	14	11.90	cinematographer:2 editor:3 composer:9
Q3376986	Pete 'n' Tillie	1972	14	11.90	cinematographer:1 composer:13 cast:2
Q267018	Stepmom	1998	14	11.90	cinematographer:1 composer:13 cast:2
Q102438	Harry Potter and the Philosopher's Stone	2001	14	11.90	cinematographer:1 composer:13 cast:2
Q884223	Fury	1936	13	11.90	director:5 composer:3 screenwriter:5
Q1708667	Midway	1976	13	11.90	composer:13 cast:6
Q428437	Gli indifferenti	1964	12	11.90	cinematographer:4 editor:4 composer:3 screenwriter:1 cast:4
Q738533	Italianamerican	1974	12	11.90	director:11 screenwriter:1
Q3223684	The Shortest Day	1963	9	11.90	director:2 cinematographer:1 editor:4 screenwriter:2 cast:14
Q11486175	Zatoichi and the Chest of Gold	1964	13	11.85	cinematographer:6 composer:7 cast:1
Q1102351	The Sunday Woman	1975	12	11.85	cinematographer:2 composer:9 screenwriter:1 cast:7
Q12125174	It Takes Two	1988	14	11.85	cinematographer:2 composer:12 cast:1
Q691838	Doc Hollywood	1991	14	11.85	cinematographer:2 composer:12 cast:1
Q1956926	Mystery, Alaska	1999	14	11.85	cinematographer:2 composer:12 cast:1
Q352431	Adaptation	2002	13	11.85	cinematographer:1 composer:12 cast:5
Q4536	Matchstick Men	2003	13	11.85	director:5 cinematographer:1 composer:7 cast:1
Q25136234	Wonderstruck	2017	13	11.85	cinematographer:1 composer:12 cast:5
Q2388839	Il gatto	1977	13	11.80	editor:3 composer:9 screenwriter:1 cast:4
Q591320	Firelight	1964	12	11.80	director:10 screenwriter:2
Q3485595	Six Men Getting Sick	1967	12	11.80	director:9 cinematographer:1 editor:2
Q2839083	Autumn Almanac	1984	12	11.80	director:4 composer:4 screenwriter:4 cast:4
Q7742105	The Innocent	1985	12	11.80	director:1 cinematographer:10 composer:1
Q19360215	With Beauty and Sorrow	1965	11	11.80	director:1 composer:7 screenwriter:3 cast:10
Q3772158	Gli ordini sono ordini	1972	12	11.75	cinematographer:2 screenwriter:10 cast:3
Q1306308	Comes a Horseman	1978	12	11.75	director:4 cinematographer:5 editor:1 composer:2 cast:1
Q2118787	Two Evil Eyes	1990	12	11.75	director:4 editor:1 composer:2 screenwriter:5 cast:3
Q3418651	Ramuntcho	1959	11	11.75	cinematographer:11 cast:3
Q657259	Great Expectations	1998	11	11.75	director:4 cinematographer:7 cast:3
Q3858642	Professor, My son	1946	14	11.70	cinematographer:1 editor:2 composer:10 screenwriter:1
Q3797309	In ginocchio da te	1964	14	11.70	editor:3 composer:9 screenwriter:2
Q3878144	Non son degno di te	1965	14	11.70	editor:3 composer:9 screenwriter:2
Q3953482	Se non avessi più te	1965	14	11.70	editor:3 composer:9 screenwriter:2
Q209737	Arabian Nights	1974	14	11.70	editor:3 composer:9 screenwriter:2
Q3536469	Whistle Stop	1946	13	11.70	cinematographer:6 composer:6 screenwriter:1
Q3795502	The Vagabond King	1956	12	11.70	director:1 cinematographer:9 editor:1 composer:1
Q3841867	But Not for Me	1959	12	11.70	cinematographer:9 screenwriter:3
Q762649	The Music Man	1962	12	11.70	cinematographer:9 editor:3
Q848785	Jarhead	2005	12	11.70	cinematographer:10 editor:1 composer:1
Q1196127	Classe tous risques	1960	10	11.70	cinematographer:3 editor:1 composer:6 cast:12
Q150867	The Great War	1959	13	11.65	cinematographer:2 composer:10 screenwriter:1 cast:3
Q1354121	Melinda and Melinda	2004	13	11.65	cinematographer:5 composer:8 cast:1
Q1199648	Gardens of Stone	1987	12	11.65	director:7 cinematographer:1 editor:2 composer:2 cast:1
Q822856	Tormented	2011	12	11.65	cinematographer:9 composer:3 cast:1
Q846987	Not with My Wife, You Don't!	1966	14	11.65	cinematographer:1 composer:13 cast:1
Q1631607	SpaceCamp	1986	14	11.65	cinematographer:1 composer:13 cast:1
Q429144	Sacco and Vanzetti	1971	13	11.65	cinematographer:1 editor:3 composer:9 cast:3
Q3794492	The Long Silence	1993	13	11.65	director:1 editor:3 composer:9 cast:3
Q496718	Welcome to Dongmakgol	2005	13	11.65	composer:13 cast:5
Q3790668	I Delfini	1960	12	11.65	cinematographer:4 editor:4 composer:3 screenwriter:1 cast:3
Q3209465	Drama of the Rich	1974	12	11.65	editor:3 composer:9 cast:7
Q3824476	The Lady of the Camellias	1981	12	11.65	editor:3 composer:9 cast:7
Q6302685	Judgement	1999	12	11.65	director:6 screenwriter:6 cast:1
Q10979291	Night Fishing	2010	12	11.65	director:6 screenwriter:6 cast:1
Q3604746	Avatar: The Way of Water	2022	12	11.65	director:5 cinematographer:1 editor:1 screenwriter:5 cast:1
Q19544333	Ediths Tagebuch	1983	11	11.65	cinematographer:8 composer:3 cast:5
Q15283831	The Attorney	2013	11	11.65	editor:6 composer:5 cast:9
Q22000321	Happy End	2017	11	11.65	director:3 cinematographer:2 editor:3 screenwriter:3 cast:5
Q3201804	Sheer Madness	1983	10	11.65	director:1 cinematographer:8 screenwriter:1 cast:7
Q11444746	Husband and Wife	1953	13	11.60	director:6 composer:7
Q11447160	Wife	1953	13	11.60	director:6 composer:7
Q736704	Rapture	1965	13	11.60	composer:6 screenwriter:7 cast:2
Q5584006	Goopy Bagha Phire Elo	1992	13	11.60	editor:6 composer:1 screenwriter:6
Q667755	Lola Montès	1955	12	11.60	director:3 cinematographer:2 editor:2 composer:2 screenwriter:3 cast:2
Q1171655	Someone's Watching Me!	1978	12	11.60	director:8 screenwriter:4
Q6010498	In Public	2001	12	11.60	director:4 cinematographer:4 screenwriter:4
Q140913148	The Empty Table	1985	11	11.60	director:4 composer:7 cast:8
Q19587078	Tale of Tales	2015	10	11.60	director:1 cinematographer:6 editor:1 composer:1 screenwriter:1 cast:8
Q956636	Joe's Apartment	1996	14	11.60	cinematographer:2 composer:12
Q1356753	Stalag 17	1953	13	11.60	director:2 editor:8 composer:3
Q626745	The Alamo	2004	13	11.60	cinematographer:1 composer:12 cast:4
Q474244	Grand Slam	1967	13	11.55	editor:3 composer:9 screenwriter:1 cast:3
Q540699	My Dear Killer	1972	13	11.55	editor:3 composer:9 screenwriter:1 cast:3
Q954683	Libera, My Love	1975	13	11.55	editor:3 composer:9 screenwriter:1 cast:3
Q3959943	Si salvi chi vuole	1980	13	11.55	editor:4 composer:9 cast:3
Q645786	Control	1987	13	11.55	editor:4 composer:9 cast:3
Q603865	Regarding Henry	1991	13	11.55	director:1 cinematographer:2 editor:3 composer:7 cast:1
Q3139810	The Wolves	1956	12	11.55	screenwriter:12 cast:3
Q258319	Castle Keep	1969	12	11.55	cinematographer:6 composer:6 cast:3
Q1054708	Il Marchese del Grillo	1981	12	11.55	editor:4 screenwriter:8 cast:3
Q1811797	Tenebrae	1982	12	11.55	director:3 cinematographer:2 editor:3 screenwriter:4 cast:1
Q1165071	Danton	1983	10	11.55	director:2 cinematographer:1 editor:1 screenwriter:6 cast:9
Q1780808	The Last Mimzy	2007	14	11.50	editor:1 composer:11 screenwriter:2
Q574120	Halbblut	1919	12	11.50	director:5 cinematographer:2 screenwriter:5
Q3614595	Help Me	1969	12	11.50	cinematographer:2 editor:3 screenwriter:7 cast:2
Q29163736	Widows	2018	12	11.50	editor:4 composer:8 cast:6
Q2054677	Burn!	1969	13	11.50	director:1 cinematographer:1 editor:1 composer:9 screenwriter:1 cast:2
Q44686	City Hall	1996	13	11.50	cinematographer:2 composer:4 screenwriter:7
Q3837841	The Fighting Pimpernel	1950	12	11.50	director:5 composer:3 screenwriter:4 cast:2
Q1185312	Dementia 13	1963	12	11.50	director:7 screenwriter:5
Q858584	You're a Big Boy Now	1966	12	11.50	director:7 screenwriter:5
Q481310	Visions of Eight	1973	12	11.50	director:8 editor:3 composer:1
Q28222734	Distant Vision	2015	12	11.50	director:7 screenwriter:5
Q1984591	The 317th Platoon	1964	11	11.50	cinematographer:11 cast:2
Q7743127	The Jerusalem File	1972	11	11.50	cinematographer:11 cast:2
Q159063	The Reader	2008	11	11.50	cinematographer:11 cast:2
Q3358564	Out 1	1971	9	11.50	director:3 cinematographer:1 editor:2 screenwriter:3 cast:12
Q670607	Young Husbands	1958	13	11.45	editor:1 composer:10 screenwriter:2 cast:3
Q3793593	Count Tacchia	1982	12	11.45	director:2 cinematographer:2 editor:4 screenwriter:4 cast:1
Q2558483	ABC Africa	2001	12	11.45	director:4 editor:4 screenwriter:4 cast:1
Q1877554	Mr. Arkadin	1955	11	11.45	director:3 cinematographer:2 composer:2 screenwriter:4 cast:5
Q376721	Unholy Desire	1964	11	11.45	director:2 cinematographer:2 composer:6 screenwriter:1 cast:7
Q3223644	The Pied Piper	1972	11	11.45	director:2 cinematographer:6 screenwriter:3 cast:3
Q1034022	Giordano Bruno	1973	12	11.45	cinematographer:3 composer:9 cast:5
Q509913	Legend	1985	12	11.40	director:5 editor:3 composer:4 cast:2
Q1471358	Jack	1996	12	11.40	director:7 cinematographer:1 editor:2 composer:2
Q143835	Holy Smoke!	1999	12	11.40	director:2 editor:2 composer:6 screenwriter:2 cast:4
Q1080841	A Slice of Life	1954	11	11.40	editor:2 screenwriter:9 cast:6
Q5559694	Gidget Goes to Rome	1963	14	11.40	cinematographer:1 composer:13
Q3280335	Conrack	1974	14	11.40	cinematographer:1 composer:13
Q222868	It Could Happen to You	1994	14	11.40	editor:2 composer:12
Q1425487	The General's Daughter	1999	14	11.40	editor:1 composer:12 screenwriter:1
Q3927008	When Women Lost Their Tails	1972	13	11.40	cinematographer:1 editor:3 composer:9 cast:2
Q15689261	The Little House	2010	13	11.40	composer:13 cast:4
Q18486021	Star Wars: Episode VIII – The Last Jedi	2017	13	11.40	composer:13 cast:4
Q948292	Task Force	1950	12	11.40	cinematographer:9 composer:3
Q784790	Come Fill the Cup	1951	12	11.40	cinematographer:9 composer:3
Q2979642	Close to My Heart	1951	12	11.40	cinematographer:9 composer:3
Q1481710	O. Henry's Full House	1952	12	11.40	director:2 cinematographer:5 composer:1 screenwriter:4
Q3287331	Mara Maru	1952	12	11.40	cinematographer:9 composer:3
Q2739071	Room for One More	1952	12	11.40	cinematographer:9 composer:3
Q3323552	The Moon Is... the Sun's Dream	1992	12	11.40	director:6 screenwriter:6
Q190525	Memento	2000	11	11.40	director:4 cinematographer:2 composer:1 screenwriter:4 cast:4
Q1042145	Perhaps Love	2005	11	11.40	cinematographer:10 editor:1 cast:2
Q628082	In Time	2011	11	11.40	cinematographer:10 editor:1 cast:2
Q125971387	Bugonia	2025	11	11.40	director:4 cinematographer:2 editor:4 composer:1 cast:4
Q1271819	Weekend at Dunkirk	1964	9	11.40	cinematographer:6 composer:3 cast:12
Q1158528	Damien: Omen II	1978	12	11.35	cinematographer:7 composer:4 screenwriter:1 cast:1
Q1214661	The Power of Emotion	1983	12	11.35	cinematographer:4 editor:7 composer:1 cast:1
Q5956779	Hymn to a Tired Man	1968	11	11.35	director:4 composer:7 cast:7
Q1404012	Fur	2006	13	11.35	cinematographer:1 composer:12 cast:3
Q622742	Where the Wild Things Are	2009	13	11.35	cinematographer:1 composer:12 cast:3
Q168821	The Hoax	2006	12	11.35	composer:12 cast:7
Q635380	Tom Sawyer	1973	14	11.30	editor:1 composer:13
Q1199834	Jaws 2	1978	14	11.30	composer:13 screenwriter:1
Q2317367	Heartbeeps	1981	14	11.30	composer:13 screenwriter:1
Q4655870	A Chinese Tall Story	2005	14	11.30	composer:13 screenwriter:1
Q3990888	Thrilling	1965	13	11.30	editor:3 composer:9 screenwriter:1 cast:2
Q3978441	Wake Up and Die	1966	13	11.30	editor:3 composer:9 screenwriter:1 cast:2
Q3797045	Chronicle of a Homicide	1972	13	11.30	editor:3 composer:9 screenwriter:1 cast:2
Q1131221	Copkiller	1983	13	11.30	editor:3 composer:9 screenwriter:1 cast:2
Q1542371	Single White Female	1992	13	11.30	cinematographer:2 composer:11 cast:2
Q389511	According to Pereira	1995	13	11.30	editor:4 composer:9 cast:2
Q2249349	The Tales of Hoffmann	1951	12	11.30	director:5 editor:3 screenwriter:4
Q2257063	Cops and Robbers	1951	12	11.30	cinematographer:1 editor:3 composer:1 screenwriter:7 cast:2
Q2322181	Robinson Crusoe	1954	12	11.30	director:5 editor:2 screenwriter:5
Q15990764	The Big Mess	1971	11	11.30	cinematographer:4 editor:7 cast:4
Q126896	In the Valley of Elah	2007	11	11.30	cinematographer:10 composer:1 cast:2
Q276299	Revolutionary Road	2008	11	11.30	cinematographer:10 composer:1 cast:2
Q304599	Ondine	2009	11	11.30	cinematographer:9 editor:2 cast:2
Q1215053	Double Suicide: Japanese Summer	1967	10	11.30	director:3 composer:5 screenwriter:2 cast:10
Q8069515	Zero Focus	1961	10	11.30	composer:2 screenwriter:8 cast:10
Q3359260	Where Are You Going on Holiday?	1978	13	11.25	cinematographer:2 composer:9 screenwriter:2 cast:1
Q527958	Flesh for Frankenstein	1973	12	11.25	cinematographer:2 screenwriter:10 cast:1
Q3231865	Les Créatures	1966	10	11.25	director:4 cinematographer:1 editor:1 screenwriter:4 cast:7
Q1135394	The Corruptor	1999	13	11.25	editor:1 composer:12 cast:3
Q956288	Woodstock	1970	11	11.25	director:11 cast:1
Q3212003	Promise at Dawn	1970	11	11.25	director:1 cinematographer:1 editor:1 composer:6 screenwriter:2 cast:7
Q3208895	Daughter of the Nile	1987	11	11.25	director:5 cinematographer:1 screenwriter:5 cast:3
Q3474345	Wild Innocence	2001	11	11.25	cinematographer:11 cast:1
Q1092932	Circus World	1964	12	11.20	editor:2 composer:6 screenwriter:4 cast:4
Q1713546	Junior Bonner	1972	12	11.20	director:3 cinematographer:3 editor:1 composer:2 screenwriter:3
Q5245579	Deadline	1987	12	11.20	cinematographer:4 editor:8
Q3025523	Homework	1989	12	11.20	director:4 editor:4 screenwriter:4
Q3160388	Jacquot de Nantes	1991	12	11.20	director:4 cinematographer:2 composer:2 screenwriter:4
Q2740695	10 on Ten	2004	12	11.20	director:4 editor:4 screenwriter:4
Q1626134	Marco Polo	1982	11	11.20	cinematographer:2 composer:9 cast:8
Q4391725	Postcard	2010	11	11.20	director:3 composer:5 screenwriter:3 cast:6
Q3204769	The Outsider	1981	12	11.20	director:4 editor:4 screenwriter:4
Q1475829	The Prefab People	1982	12	11.20	director:4 editor:4 screenwriter:4
Q951002	Funny Games U.S.	2007	12	11.20	director:3 cinematographer:2 editor:3 composer:1 screenwriter:3
Q3477549	Section spéciale	1975	8	11.20	director:1 cinematographer:1 editor:3 composer:2 screenwriter:1 cast:16
Q1328227	The Secret Ways	1961	13	11.15	composer:13 cast:3
Q1086921	Oedipus Rex	1967	13	11.15	editor:3 composer:8 screenwriter:2 cast:1
Q368136	Città violenta	1970	13	11.15	cinematographer:1 editor:3 composer:9 cast:1
Q1057768	Massacre in Rome	1973	13	11.15	cinematographer:1 editor:3 composer:9 cast:1
Q304806	Tsuribaka Nisshi 2	1989	13	11.15	composer:13 cast:3
Q1044598	Departures	2008	13	11.15	composer:13 cast:3
Q3720922	El Greco	1966	12	11.15	editor:3 composer:9 cast:5
Q1263650	Faccia a faccia	1967	12	11.15	editor:1 composer:9 screenwriter:2 cast:5
Q1114345	Machine Gun McCain	1969	12	11.15	editor:3 composer:9 cast:5
Q208424	Nineteen Eighty-Four	1984	11	11.15	cinematographer:10 editor:1 cast:1
Q1225121	Let's Hope It's a Girl	1986	11	11.15	editor:4 screenwriter:7 cast:5
Q3056750	White Mischief	1987	11	11.15	cinematographer:10 editor:1 cast:1
Q2992619	A Confucian Confusion	1994	11	11.15	director:5 editor:1 screenwriter:5 cast:3
Q609857	Levity	2003	11	11.15	cinematographer:10 editor:1 cast:1
Q28698824	A Taxi Driver	2017	11	11.15	editor:6 composer:5 cast:7
Q470895	A Woman of Paris	1923	12	11.10	director:3 cinematographer:3 composer:3 screenwriter:3
Q4003231	Last Love	1947	12	11.10	cinematographer:4 editor:2 composer:1 screenwriter:5
Q603696	Days of Thunder	1990	12	11.10	editor:2 composer:7 screenwriter:3 cast:4
Q3549701	Dear Summer Sister	1974	10	11.10	director:3 composer:7 cast:10
Q2006056	The Fifth Cord	1971	13	11.10	cinematographer:3 editor:1 composer:9
Q956250	This Boy's Life	1993	13	11.10	cinematographer:1 composer:12 cast:2
Q798662	Bad Company	1995	13	11.10	cinematographer:1 composer:12 cast:2
Q506661	Conspiracy Theory	1997	13	11.10	director:1 composer:12 cast:2
Q649165	Being John Malkovich	1999	13	11.10	cinematographer:1 composer:12 cast:2
Q1632040	Howl	2010	13	11.10	cinematographer:1 composer:12 cast:2
Q17182571	Legend	2015	13	11.10	cinematographer:1 composer:12 cast:2
Q133466	A Canterbury Tale	1944	12	11.10	director:5 editor:1 composer:2 screenwriter:4
Q115537	I Know Where I'm Going!	1945	12	11.10	director:5 editor:1 composer:2 screenwriter:4
Q195710	Krull	1983	12	11.10	cinematographer:6 editor:3 composer:3
Q478748	The Holiday	2006	12	11.10	cinematographer:5 composer:7 cast:2
Q124408474	Ella McCay	2025	12	11.10	cinematographer:5 composer:7 cast:2
Q1214594	Certified Copy	2010	10	11.10	director:4 cinematographer:2 screenwriter:4 cast:6
Q11086456	Battle of the Japan Sea	1969	7	11.10	composer:7 cast:22
Q19721608	Amanti senza amore	1948	13	11.05	cinematographer:1 editor:2 composer:10 cast:1
Q1627517	The Inheritance	1976	13	11.05	editor:3 composer:9 screenwriter:1 cast:1
Q1108721	The Sign of Venus	1955	12	11.05	cinematographer:1 editor:2 composer:1 screenwriter:8 cast:1
Q636043	The Goonies	1985	12	11.05	director:1 editor:8 composer:1 screenwriter:2 cast:1
Q1748292	The Pick-up Artist	1987	11	11.05	cinematographer:5 composer:6 cast:5
Q1625975	The World in His Arms	1952	12	11.00	cinematographer:6 composer:4 screenwriter:2
Q653764	The Legend of Rita	2000	12	11.00	director:2 editor:8 screenwriter:2
Q1168501	Happiness	1965	11	11.00	director:4 cinematographer:2 editor:1 screenwriter:4 cast:2
Q3725834	Henry IV	1984	11	11.00	cinematographer:1 screenwriter:10 cast:4
Q190765	1492 – Conquest of Paradise	1992	11	11.00	director:5 cinematographer:2 editor:3 composer:1 cast:2
Q3201388	The Absence	1992	11	11.00	cinematographer:1 editor:8 screenwriter:2 cast:4
Q858860	Red Sonja	1985	13	11.00	cinematographer:2 editor:2 composer:9
Q1393651	Hamlet	2000	13	11.00	composer:12 screenwriter:1 cast:2
Q7764866	The Small Back Room	1949	12	11.00	director:5 composer:3 screenwriter:4
Q7758963	The Queen's Guards	1961	12	11.00	director:5 composer:3 screenwriter:4
Q2300646	Sweet Charity	1969	12	11.00	cinematographer:2 screenwriter:10
Q461768	The Spiderwick Chronicles	2008	12	11.00	editor:8 composer:3 screenwriter:1 cast:2
Q12127205	Rocky Road to Dublin	1967	11	11.00	cinematographer:11
Q1273817	Taking Off	1971	11	11.00	director:3 cinematographer:3 screenwriter:5 cast:2
Q1347278	Valmont	1989	11	11.00	director:3 cinematographer:3 screenwriter:5 cast:2
Q4164282	Bethune: The Making of a Hero	1990	11	11.00	cinematographer:11
Q1216898	A Little Princess	1995	11	11.00	director:4 cinematographer:7
Q2734213	8	2008	11	11.00	director:11
Q2631366	A Letter to Elia	2010	11	11.00	director:11
Q7257627	Public Speaking	2010	11	11.00	director:11
Q6357059	The Past	2013	11	11.00	director:3 cinematographer:4 composer:1 screenwriter:3 cast:2
Q63565898	Rolling Thunder Revue: A Bob Dylan Story by Martin Scorsese	2019	11	11.00	director:11
Q113952565	Jerry Lee Lewis: Trouble in Mind	2022	11	11.00	director:11
Q29580929	Avatar: Fire and Ash	2025	11	11.00	director:5 cinematographer:1 screenwriter:5 cast:2
Q961829	The Two Jakes	1990	10	11.00	cinematographer:5 editor:2 screenwriter:3 cast:6
Q3277743	Mahjong	1996	10	11.00	director:5 screenwriter:5 cast:6
Q465227	The Village	2004	10	11.00	cinematographer:10 cast:4
Q487271	Stoker	2013	10	11.00	director:6 cinematographer:4 cast:4
Q4517765	The Face of Another	1966	9	11.00	director:1 composer:7 screenwriter:1 cast:14
Q1217355	The Truth	1960	8	11.00	director:2 cinematographer:2 editor:1 composer:1 screenwriter:2 cast:14
Q8029791	Wolf	1955	7	11.00	director:3 composer:1 screenwriter:3 cast:18
Q1137931	The Big Sleep	1946	12	10.95	director:2 editor:1 composer:3 screenwriter:6 cast:1
Q10556665	Playing on the Rainbow	1958	12	10.95	cinematographer:4 editor:3 composer:5 cast:1
Q5474657	Foundry Town	1962	9	10.95	cinematographer:2 composer:6 screenwriter:1 cast:13
Q1197463	The Killers	1964	13	10.90	composer:13 cast:2
Q2302716	Bezeten, Het Gat in de Muur	1969	13	10.90	composer:8 screenwriter:5
Q1747484	The Fifth Day of Peace	1970	13	10.90	cinematographer:1 editor:3 composer:9
Q7687420	Tasmania Story	1990	13	10.90	composer:13 cast:2
Q11524787	Tokyo Family	2013	13	10.90	composer:13 cast:2
Q55663978	Love under the Crucifix	1962	9	10.90	cinematographer:3 composer:5 screenwriter:1 cast:12
Q1141460	Striptease	1996	13	10.85	editor:2 composer:11 cast:1
Q203705	Halloween III: Season of the Witch	1982	12	10.85	cinematographer:5 composer:7 cast:1
Q1475627	The Bachelor	1990	12	10.85	cinematographer:2 composer:9 screenwriter:1 cast:3
Q3234756	The Rat Race	1960	11	10.85	cinematographer:9 composer:2 cast:1
Q453004	Espion, lève-toi	1982	10	10.85	editor:1 composer:9 cast:11
Q3540036	Trois places pour le 26	1988	10	10.85	director:2 composer:6 screenwriter:2 cast:9
Q64666990	The Truth	2019	9	10.85	director:5 screenwriter:4 cast:9
Q3023695	San Babila-8 P.M.	1976	13	10.80	editor:3 composer:9 screenwriter:1
Q190908	Seven	1995	13	10.80	cinematographer:2 composer:11
Q1178292	Before and After	1996	13	10.80	cinematographer:2 composer:11
Q7136590	Pardon My Past	1945	12	10.80	cinematographer:6 composer:6
Q3689356	Countersex	1964	12	10.80	editor:1 screenwriter:11
Q3835811	Catch as Catch Can	1967	12	10.80	cinematographer:1 composer:1 screenwriter:10
Q623801	Daisy	2006	12	10.80	director:1 cinematographer:2 editor:6 composer:3
Q7677730	Take Me to Town	1953	11	10.80	director:4 cinematographer:6 composer:1
Q573953	Artists Under the Big Top: Perplexed	1968	11	10.80	cinematographer:4 editor:7 cast:2
Q1790910	Death of a Salesman	1985	11	10.80	director:2 cinematographer:8 composer:1
Q172241	The Shawshank Redemption	1994	11	10.80	cinematographer:10 composer:1
Q779658	The Siege	1998	11	10.80	cinematographer:10 composer:1
Q2981267	Pigs and Battleships	1961	10	10.80	director:2 cinematographer:2 composer:6 cast:8
Q4871938	Battle of Okinawa	1971	10	10.80	composer:7 screenwriter:3 cast:10
Q758585	Hangmen Also Die!	1943	11	10.75	director:5 cinematographer:1 screenwriter:5 cast:1
Q2259720	The Sun Also Shines at Night	1990	11	10.75	cinematographer:1 screenwriter:10 cast:3
Q740528	Wild Wild West	1999	11	10.75	cinematographer:8 composer:2 screenwriter:1 cast:1
Q160618	Brokeback Mountain	2005	11	10.75	cinematographer:3 editor:5 composer:2 screenwriter:1 cast:3
Q680573	The Thousand Eyes of Dr. Mabuse	1960	10	10.75	director:5 screenwriter:5 cast:5
Q3205550	The Stranger Within a Woman	1966	11	10.75	director:6 composer:5 cast:3
